segment_no,text_original,text_en,polarity,confidence_percent,reasoning_en
1,"ΒΙΒΛΟΣ γενέσεως Ἰησοῦ Χριστοῦ υἱοῦ Δαυεὶδ υἱοῦ Ἀβρααμ. Ἀβραὰμ ἐγέννησεν τὸν Ἰσαάκ, Ἰσαὰκ δὲ ἐγέννησεν τὸν Ἰακώβ, Ἰακὼβ δὲ ἐγέννησεν τὸν Ἰούδαν καὶ τοὺς ἀδελφοὺς αὐτοῦ, Ἰούδας δὲ ἐγέννησεν τὸν Φαρὲς καὶ τὸν Ζαρὰ ἐκ τῆς Θάμαρ, Φαρὲς δὲ ἐγέννησεν τὸν Ἑσρώμ, Ἑσρὼμ δὲ ἐγέννησεν τὸν Ἀράμ, Ἀρὰμ δὲ ἐγέννησεν τὸν Ἀμιναδάβ, Ἀμιναδὰβ δὲ ἐγέννησεν τὸν Ναασσών, Ναασσὼν δὲ ἐγέννησεν τὸν Σαλμών, Σαλμὼν δὲ ἐγέννησεν τὸν Βοὲς ἐκ τῆς Ῥαχάβ, Βοὲς δὲ ἐγέννησεν τὸν Ἰωβὴδ ἐκ τῆς Ῥούθ, Ἰωβὴδ δὲ ἐγέννησεν τὸν Ἰεσσαί, Ἰ...","The book of the genealogy of Jesus Christ, the son of David, the son of Abraham. Abraham fathered Isaac, Isaac fathered Jacob, Jacob fathered Judah and his brothers, Judah fathered Perez and Zerah by Tamar, Perez fathered Hezron, Hezron fathered Aram, Aram fathered Aminadab, Aminadab fathered Nahshon, Nahshon fathered Salmon, Salmon fathered Boaz by Rahab, Boaz fathered Obed by Ruth, Obed fathered Jesse, J...",0.5,90,"This segment presents a genealogy, which is generally neutral in sentiment but carries a slightly positive connotation due to its religious context and the lineage of Jesus Christ."
2,"ΑΡΧΗ τοῦ εὐαγγελίου Ἰησοῦ Χριστοῦ .  Καθὼς γέγραπται ἐν τῷ Ἠσαίᾳ τῷ προφήτῃ Ἰδοὺ ἀποστέλλω τὸν ἄγγελόν μου πρὸ προσώπου σου, ὃς κατασκευάσει τὴν ὁδόν σου· Φωνὴ βοῶντος ἐν τῇ ἐρήμῳ Ἑτοιμάσατε τὴν ὁδὸν Κυρίου, εὐθείας ποιεῖτε τὰς τρίβους αὐτοῦ,  ἐγένετο Ἰωάνης ὁ βαπτίζων ἐν τῇ ἐρήμῳ κηρύσσων βάπτισμα","The beginning of the gospel of Jesus Christ. As it is written in Isaiah the prophet: ""Behold, I send my messenger before your face, who will prepare your way, a voice of one crying in the wilderness: 'Prepare the way of the Lord, make his paths straight,'"" John appeared, baptizing in the wilderness and proclaiming a baptism",0.7,95,"This segment introduces the gospel and speaks of preparation and prophecy, which carries a positive sentiment due to its religious significance and hopeful message."
3,μετανοίας εἰς ἄφεσιν ἁμαρτιῶν.  καὶ ἐξεπορεύετο,of repentance for the forgiveness of sins. And there went out,0.6,85,"The segment speaks of repentance and forgiveness, which are positive concepts in a religious context, suggesting redemption and spiritual cleansing."
4,πρὸς αὐτὸν πᾶσα ἡ Ἰουδαία χώρα καὶ οἱ Ἰεροσολυμεῖται,to him all the country of Judea and all Jerusalem,0.2,70,"This segment describes people coming to John, which is a relatively neutral statement, but implies a degree of positive interest or seeking."
5,"πάντες, καὶ ἐβαπτίζοντο ὑπʼ αὐτοῦ ἐν τῷ Ἰορδάνῃ","all, and were being baptized by him in the Jordan",0.3,75,"Baptism is a ritual with positive connotations of cleansing and spiritual renewal, contributing to a slightly positive sentiment."
6,ποταμῷ ἐξομολογούμενοι τὰς ἁμαρτίας αὐτῶν.  καὶ ἦν ὁ,"river, confessing their sins. And John was",-0.1,65,"Confessing sins has a slightly negative connotation as it acknowledges wrongdoing, but it is also a step towards redemption, balancing the sentiment towards neutral."
7,Ἰωάνης ἐνδεδυμένος τρίχας καμήλου καὶ ζώνην δερματίνην,John was clothed with camel's hair and a leather belt,0.0,70,"This segment describes John's attire, which is a neutral descriptive statement without inherent positive or negative sentiment."
8,"περὶ τὴν ὀσφὺν αὐτοῦ, καὶ ἔσθων ἀκρίδας καὶ μέλι ἄγριον.  καὶ ἐκήρυσσεν λέγων Ἔρχεται ὁ ἰσχυρότερός μου ὀπίσω","around his waist and eating locusts and wild honey. And he proclaimed, saying, ""After me comes he who is mightier than I,""",0.4,80,"While eating locusts might seem negative, the overall context of proclaiming a mightier figure carries a positive sentiment of anticipation and hope."
9,"[μου], οὗ οὐκ εἰμὶ ἱκανὸς κύψας λῦσαι τὸν ἱμάντα τῶν ὑποδημάτων","[me], the strap of whose sandals I am not worthy to stoop down and untie.",0.6,85,"This segment expresses humility and reverence, which are positive sentiments in a religious context, indicating respect and deference to a higher power."
10,"αὐτοῦ·  ἐγὼ ἐβάπτισα ὑμᾶς ὕδατι,","him. I have baptized you with water,",0.2,70,"This segment refers to baptism, which has a slightly positive connotation due to its association with spiritual cleansing and renewal."
1,αὐτὸς δὲ βαπτίσει,He will baptize,0.5,70,"The statement refers to baptism, which is generally a positive religious act."
2,ὑμᾶς πνεύματι ἁγίῳ.  ΚΑΙ ΕΓΕΝΕΤΟ ἐν ἐκείναις ταῖς ἡμέραις ἦλθεν,you with the Holy Spirit. AND IT CAME TO PASS in those days came,0.6,75,"The mention of the Holy Spirit suggests a positive and divine event. The phrase ""it came to pass"" is neutral."
3,Ἰησοῦς ἀπὸ Ναζαρὲτ τῆς Γαλιλαίας καὶ ἐβαπτίσθη εἰς  τὸν Ἰορδάνην ὑπὸ Ἰωάνου.  καὶ εὐθὺς ἀναβαίνων ἐκ τοῦ,Jesus from Nazareth of Galilee and was baptized in the Jordan by John. And immediately coming up out of the,0.7,80,The baptism of Jesus is a significant and positive event in Christian theology.
4,ὕδατος εἶδεν σχιζομένους τοὺς οὐρανοὺς καὶ τὸ πνεῦμα ὡς,"water, He saw the heavens parting and the Spirit as",0.7,75,The heavens parting and the Spirit descending are signs of divine intervention and are considered positive.
5,περιστερὰν καταβαῖνον εἰς αὐτόν·  καὶ φωνὴ [ἐγένετο] ἐκ,a dove descending upon Him; and a voice [came] from,0.8,85,The dove and the voice from heaven are symbolic of divine approval and are highly positive.
6,"τῶν οὐρανῶν Σὺ εἶ ὁ υἱός μου ὁ ἀγαπητός, ἐν σοὶ εὐδόκησα.  Καὶ εὐθὺς τὸ πνεῦμα αὐτὸν ἐκβάλλει","the heavens, ""You are My beloved Son, in You I am well pleased."" And immediately the Spirit drove Him",0.9,90,God's declaration of Jesus as his beloved son is a highly positive affirmation. The Spirit driving him is more neutral.
7,εἰς τὴν ἔρημον.  καὶ ἦν ἐν τῇ ἐρήμῳ τεσσεράκοντα ἡμέρας,into the wilderness. And He was in the wilderness forty days,-0.2,65,"The wilderness is often associated with hardship and testing, suggesting a slightly negative sentiment."
8,"πειραζόμενος ὑπὸ τοῦ Σατανᾶ, καὶ ἦν μετὰ τῶν θηρίων,","tempted by Satan, and was with the wild beasts,",-0.8,90,Being tempted by Satan is a clearly negative experience. Being with wild beasts also suggests danger and negativity.
9,καὶ οἱ ἄγγελοι διηκόνουν αὐτῷ.  Καὶ μετὰ τὸ παραδοθῆναι τὸν Ἰωάνην ἦλθεν ὁ,"and the angels were ministering to Him. And after John was arrested, came",0.4,70,"Angels ministering is positive, but John's arrest is negative, resulting in a slightly positive overall sentiment."
10,Ἰησοῦς εἰς τὴν Γαλιλαίαν κηρύσσων τὸ εὐαγγέλιον τοῦ θεοῦ  [καὶ λέγων] ὅτι Πεπλήρωται ὁ καιρὸς καὶ,"Jesus into Galilee, proclaiming the gospel of God, [and saying], ""The time is fulfilled, and",0.8,85,"Proclaiming the gospel is a positive action, and the statement ""The time is fulfilled"" suggests a positive sense of purpose and completion."
1,ἤγγικεν ἡ βασιλεία τοῦ θεοῦ· μετανοεῖτε καὶ πιστεύετε,The kingdom of God is at hand; repent and believe,0.8,90,"This segment expresses a positive message of divine kingdom, repentance, and belief, indicating a hopeful and encouraging sentiment."
2,ἐν τῷ εὐαγγελίῳ.  Καὶ παράγων παρὰ,in the gospel. And passing along beside,0.6,70,"This segment introduces the gospel and the act of passing by, suggesting a positive context related to spreading good news."
3,τὴν θάλασσαν τῆς Γαλιλαίας εἶδεν Σίμωνα καὶ Ἀνδρέαν,"the Sea of Galilee, He saw Simon and Andrew",0.5,60,"This segment describes a sighting of individuals, which is neutral but sets the stage for further interaction, leaning slightly positive due to the introduction of key figures."
4,"τὸν ἀδελφὸν Σίμωνος ἀμφιβάλλοντας ἐν τῇ θαλάσσῃ, ἦσαν γὰρ ἁλεεῖς·  καὶ εἶπεν αὐτοῖς ὁ Ἰησοῦς","the brother of Simon casting a net in the sea, for they were fishermen; and Jesus said to them",0.6,70,"This segment describes the profession of the individuals and introduces Jesus speaking to them, which is a positive setup for a call to action."
5,"Δεῦτε ὀπίσω μου, καὶ ποιήσω ὑμᾶς γενέσθαι ἁλεεῖς","Follow me, and I will make you become fishers",0.7,80,"This segment contains a call to follow, promising a transformation, which is a positive and encouraging message."
6,ἀνθρώπων.  καὶ εὐθὺς ἀφέντες τὰ δίκτυα ἠκολούθησαν,of men. And immediately they left their nets and followed,0.7,80,"This segment describes immediate obedience and following, indicating a positive response to the call."
7,αὐτῷ.  Καὶ προβὰς ὀλίγον εἶδεν Ἰάκωβον τὸν τοῦ Ζεβεδαίου,"Him. And going on a little further, He saw James the son of Zebedee",0.5,60,"This segment describes further progression and sighting of another individual, which is neutral but continues the narrative in a positive direction."
8,"καὶ Ἰωάνην τὸν ἀδελφὸν αὐτοῦ, καὶ αὐτοὺς ἐν τῷ","and John his brother, and they themselves in the",0.5,60,"This segment introduces another individual and his brother, continuing the narrative in a neutral but potentially positive direction."
9,"πλοίῳ καταρτίζοντας τὰ δίκτυα,  καὶ εὐθὺς ἐκάλεσεν αὐτούς.","boat mending the nets, and immediately He called them.",0.7,80,"This segment describes the individuals' activity and the immediate call, indicating a positive and decisive action."
10,καὶ ἀφέντες τὸν πατέρα αὐτῶν Ζεβεδαῖον ἐν τῷ πλοίῳ,and leaving their father Zebedee in the boat,0.4,50,"This segment describes leaving their father, which could be seen as a sacrifice or a difficult decision, but ultimately contributes to the overall positive narrative of following Jesus. The polarity is slightly positive as it is part of a larger positive action."
1,μετὰ τῶν μισθωτῶν ἀπῆλθον ὀπίσω αὐτοῦ.  Καὶ εἰσπορεύονται εἰς Καφαρναούμ. Καὶ εὐθὺς τοῖς,And they departed after him with the hired servants. And they went into Capernaum. And immediately on the,0.0,70,"This segment is neutral, describing movement and location without expressing strong emotion."
2,σάββασιν εἰσελθὼν εἰς τὴν συναγωγὴν ἐδίδασκεν.  καὶ,Sabbath he entered into the synagogue and taught. And,0.2,65,"This segment is slightly positive due to the mention of teaching in the synagogue, which implies a positive religious activity."
3,"ἐξεπλήσσοντο ἐπὶ τῇ διδαχῇ αὐτοῦ, ἦν γὰρ διδάσκων","they were astonished at his teaching, for he was teaching",0.5,80,"This segment is positive because it describes the astonishment of the people at Jesus' teaching, indicating a positive reception."
4,αὐτοὺς ὡς ἐξουσίαν ἔχων καὶ οὐχ ὡς οἱ γραμματεῖς.  καὶ,"them as one having authority, and not as the scribes. And",0.4,75,"This segment is positive because it highlights the authority of Jesus' teaching compared to the scribes, suggesting a superior and positive quality."
5,εὐθὺς ἦν ἐν τῇ συναγωγῇ αὐτῶν ἄνθρωπος ἐν πνεύματι,"Immediately there was in their synagogue a man with an unclean spirit,",-0.3,70,"This segment introduces a negative element with the mention of an ""unclean spirit,"" suggesting a negative or troubled situation."
6,"ἀκαθάρτῳ, καὶ ἀνέκραξεν  λέγων Τί ἡμῖν καὶ σοί, Ἰησοῦ","unclean, and he cried out, saying, ""What have we to do with you, Jesus",-0.5,85,"This segment is negative due to the unclean spirit's exclamation, which expresses conflict and opposition to Jesus."
7,"Ναζαρηνέ; ἦλθες ἀπολέσαι ἡμᾶς; οἶδά σε τίς εἶ, ὁ ἅγιος",of Nazareth? Have you come to destroy us? I know who you are—the Holy,-0.6,90,"This segment is strongly negative. The unclean spirit expresses fear of destruction, indicating a negative and hostile interaction."
8,τοῦ θεοῦ.  καὶ ἐπετίμησεν αὐτῷ ὁ Ἰησοῦς [λέγων] Φιμώθητι,"One of God."" And Jesus rebuked him, saying, ""Be silent,",-0.2,75,"This segment is slightly negative because it describes Jesus rebuking the unclean spirit, indicating a conflict or negative interaction."
9,καὶ ἔξελθε ἐξ αὐτοῦ.  καὶ σπαράξαν αὐτὸν τὸ πνεῦμα,"and come out of him!"" And when the unclean spirit had convulsed him,",-0.7,90,"This segment is strongly negative due to the description of the unclean spirit convulsing the man, indicating violence and suffering."
10,"τὸ ἀκάθαρτον καὶ φωνῆσαν φωνῇ μεγάλῃ ἐξῆλθεν ἐξ αὐτοῦ.  καὶ ἐθαμβήθησαν ἅπαντες,  ὥστε συνζητεῖν αὐτοὺς λέγοντας","it cried out with a loud voice and came out of him. And they were all amazed, so that they questioned among themselves, saying,",-0.4,80,"This segment is somewhat negative. While the spirit leaves, the loud cry and the amazement suggest a disturbing event, leading to a negative sentiment overall. The amazement itself is neutral, but the context is negative."
1,Τί ἐστιν τοῦτο; διδαχὴ καινή· κατʼ ἐξουσίαν καὶ τοῖς,What is this? A new teaching! With authority he commands even the,0.6,80,"The segment expresses awe and recognition of authority, indicating a positive sentiment."
2,"πνεύμασι τοῖς ἀκαθάρτοις ἐπιτάσσει, καὶ ὑπακούουσιν αὐτῷ.  Καὶ ἐξῆλθεν ἡ ἀκοὴ αὐτοῦ εὐθὺς πανταχοῦ εἰς ὅλην την","unclean spirits, and they obey him. And at once his fame spread everywhere throughout all the",0.7,85,"The segment describes authority over unclean spirits and spreading fame, indicating a positive sentiment."
3,περίχωρον τῆς Γαλιλαίας.  Καὶ εὐθὺς ἐκ τῆς,"region around Galilee. And immediately, leaving the",0.1,50,This segment is mostly descriptive and neutral in sentiment. The mention of Galilee is geographically informative.
4,συναγωγῆς ἐξελθόντες ἦλθαν εἰς τὴν οἰκίαν Σίμωνος καὶ,"synagogue, they entered the house of Simon and",0.0,60,"This segment is descriptive and neutral in sentiment, simply stating a movement from one location to another."
5,Ἀνδρέου μετὰ Ἰακώβου καὶ Ἰωάνου.  ἡ δὲ πενθερὰ Σίμωνος,"Andrew, with James and John. Now Simon's mother-in-law",0.0,60,"This segment is descriptive and neutral in sentiment, introducing characters and their relationships."
6,"κατέκειτο πυρέσσουσα, καὶ εὐθὺς λέγουσιν αὐτῷ περὶ αὐτῆς.","lay ill with a fever, and immediately they told him about her.",-0.4,75,"The segment describes illness (fever), which carries a negative sentiment."
7,καὶ προσελθὼν ἤγειρεν αὐτὴν κρατήσας τῆς χειρός·  καὶ ἀφῆκεν,"And he came and raised her up, taking her by the hand. And the fever left",0.7,85,"The segment describes healing, which carries a positive sentiment."
8,"αὐτὴν ὁ πυρετός, καὶ διηκόνει αὐτοῖς.  Ὀψίας","her, and she began to serve them. That evening",0.6,80,"The segment describes recovery and service, which carries a positive sentiment."
9,"δὲ γενομένης, ὅτε ἔδυσεν ὁ ἥλιος, ἔφερον πρὸς αὐτὸν","when evening came, when the sun had set, they brought to him",0.1,50,"This segment is descriptive and neutral in sentiment, setting the scene for subsequent events."
10,πάντας τοὺς κακῶς ἔχοντας καὶ τοὺς δαιμονιζομένους·  καὶ,all who were sick or possessed with demons. And,-0.5,80,"The segment describes sickness and demon possession, which carries a negative sentiment."
1,ἦν ὅλη ἡ πόλις ἐπισυνηγμένη πρὸς τὴν θύραν.  καὶ ἐθεράπευσεν,The whole city was gathered together at the door. And he healed,0.3,70,"The segment describes a gathering and healing, suggesting a positive event."
2,"πολλοὺς κακῶς ἔχοντας ποικίλαις νόσοις, καὶ δαιμόνια","many who were sick with various diseases, and cast out demons",-0.4,80,"The segment mentions sickness and demons, indicating a negative situation."
3,"πολλὰ ἐξέβαλεν, καὶ οὐκ ἤφιεν λαλεῖν τὰ δαιμόνια,","and he cast out many demons and did not allow the demons to speak,",0.2,75,"Casting out demons is generally considered a positive action, although the presence of demons initially is negative."
4,ὅτι ᾔδεισαν αὐτὸν [Χριστὸν εἶναι].  Καὶ,because they knew him [to be Christ]. And,0.6,85,Recognition of Christ is a positive affirmation in a religious context.
5,πρωὶ ἔννυχα λίαν ἀναστὰς ἐξῆλθεν [καὶ ἀπῆλθεν] εἰς ἔρημον,"And rising very early in the morning, he departed and went out to a desolate",-0.1,60,"Going to a desolate place suggests solitude and perhaps a need to escape, which is slightly negative."
6,τόπον κἀκεῖ προσηύχετο.  καὶ κατεδίωξεν αὐτὸν Σίμων,"place, and there he prayed. And Simon followed him",-0.2,65,"Being followed can be interpreted as a slightly negative event, implying a lack of privacy or potential conflict. Prayer itself is neutral."
7,"καὶ οἱ μετʼ αὐτοῦ,  καὶ εὗρον αὐτὸν καὶ λέγουσιν αὐτῷ","and those who were with him, and they found him and said to him",0.1,55,"Finding someone is generally neutral, but the context might imply a purpose, which could be positive or negative. Without further context, it's slightly positive due to the reunion aspect."
8,ὅτι Πάντες ζητοῦσίν σε.  καὶ λέγει αὐτοῖς Ἄγωμεν,"Everyone is looking for you. And he said to them, Let us go",0.3,70,"Being sought after can be seen as positive, indicating importance or popularity. The suggestion to move on is neutral."
9,"ἀλλαχοῦ εἰς τὰς ἐχομένας κωμοπόλεις, ἵνα καὶ ἐκεῖ κηρύξω,","elsewhere to the neighboring towns, so that I may preach there also,",0.4,75,"Preaching is generally considered a positive activity, especially in a religious context."
10,εἰς τοῦτο γὰρ ἐξῆλθον.  καὶ ἦλθεν κηρύσσων εἰς τὰς,for that is why I came out. And he went preaching into the,0.5,80,The statement of purpose and the act of preaching both carry positive connotations.
1,συναγωγὰς αὐτῶν εἰς ὅλην τὴν Γαλιλαίαν καὶ τὰ δαιμόνια,"He went into their synagogues throughout all Galilee, and cast out demons.",0.2,70,"The segment describes casting out demons, which can be seen as a positive action, but also contains the word ""demons"" which has a negative connotation. Therefore, the polarity is slightly positive."
2,ἐκβάλλων.  Καὶ ἔρχεται πρὸς αὐτὸν λεπρὸς παρακαλῶν αὐτὸν,"And a leper came to him, imploring him,",-0.3,75,"The segment describes a leper approaching Jesus, which implies suffering and a plea for help. Leprosy is a disease with negative connotations."
3,[καὶ γονυπετῶν] λέγων αὐτῷ ὅτι Ἐὰν θέλῃς δύνασαί,"[and kneeling down] saying to him, ""If you will, you can",0.5,65,"The leper is expressing faith and hope in Jesus' ability to heal him. The phrase ""If you will, you can"" suggests a belief in Jesus' power."
4,με καθαρίσαι.  καὶ σπλαγχνισθεὶς ἐκτείνας τὴν χεῖρα,"make me clean."" And having compassion, stretching out the hand",0.7,80,"The segment describes Jesus having compassion, which is a positive emotion. The act of stretching out his hand suggests an act of healing and kindness."
5,"αὐτοῦ ἥψατο καὶ λέγει αὐτῷ Θέλω, καθαρίσθητι·  καὶ εὐθὺς ἀπῆλθεν ἀπʼ αὐτοῦ ἡ λέπρα, καὶ ἐκαθερίσθη.  καὶ ἐμβριμησάμενος αὐτῷ εὐθὺς ἐξέβαλεν αὐτόν,  καὶ λέγει","he touched him and says to him, ""I will; be clean."" And immediately the leprosy left him, and he was cleansed. And sternly warning him, he immediately sent him away, and says",0.4,70,"The segment describes the healing of the leper, which is a positive event. However, Jesus also sternly warns him and sends him away, which introduces a slightly negative element. The overall sentiment is positive due to the healing."
6,"αὐτῷ Ὅρα μηδενὶ μηδὲν εἴπῃς, ἀλλὰ ὕπαγε σεαυτὸν δεῖξον τῷ ἱερεῖ  καὶ προσένεγκε περὶ τοῦ καθαρισμοῦ σου","to him, ""See that you say nothing to anyone, but go, show yourself to the priest and offer for your cleansing",0.1,60,"This segment contains instructions and a command to show himself to the priest, which is a neutral action. The mention of ""cleansing"" has a slightly positive connotation, but the overall sentiment is relatively neutral."
7,"ἃ προσέταξεν Μωυσῆς εἰς μαρτύριον αὐτοῖς.  ὁ δὲ ἐξελθὼν  ἤρξατο κηρύσσειν πολλὰ καὶ διαφημίζειν τὸν λόγον, ὥστε","what Moses commanded, for a proof to them."" But he, going out, began to proclaim it freely and to spread the word, so that",0.6,75,"The segment describes the healed man proclaiming the word freely, which is a positive action. The spreading of the word suggests a positive message being shared."
8,"μηκέτι αὐτὸν δύνασθαι φανερῶς εἰς πόλιν εἰσελθεῖν, ἀλλὰ","he could no longer openly enter a town, but",-0.2,65,"The segment describes Jesus not being able to enter a town openly, which suggests a restriction and potential conflict. This has a slightly negative connotation."
9,ἔξω ἐπʼ ἐρήμοις τόποις [ἦν]· καὶ ἤρχοντο πρὸς αὐτὸν,"he was out in desolate places, and they were coming to him",0.1,60,"While ""desolate places"" has a slightly negative connotation, the fact that people were coming to him suggests a positive draw or attraction. The overall sentiment is slightly positive."
10,πάντοθεν.  Καὶ εἰσελθὼν πάλιν εἰς Καφαρναοὺμ διʼ ἡμερῶν ἠκούσθη,"from everywhere. And when he entered Capernaum again after some days, it was heard",0.0,50,This segment is mostly neutral. It simply states that Jesus entered Capernaum and it was heard. There is no strong positive or negative sentiment.
1,ὅτι ἐν οἴκῳ ἐστίν·  καὶ συνήχθησαν πολλοὶ ὥστε,"that he was in the house; and many were gathered together, so that",0.1,60,"This segment is neutral, simply stating a fact about a gathering."
2,"μηκέτι χωρεῖν μηδὲ τὰ πρὸς τὴν θύραν, καὶ ἐλάλει αὐτοῖς","there was no longer room, not even near the door; and he was speaking the word to them.",0.2,65,"The segment describes a crowded scene and someone speaking, which is slightly positive due to the act of communication."
3,τὸν λόγον.  καὶ ἔρχονται φέροντες πρὸς αὐτὸν παραλυτικὸν,"the word. And they came, bringing to him a paralytic",-0.2,70,"The mention of a paralytic introduces a negative element of suffering, but the act of bringing him is somewhat hopeful."
4,αἰρόμενον ὑπὸ τεσσάρων.  καὶ μὴ δυνάμενοι προσενέγκαι,carried by four men. And when they could not get near him,-0.1,65,"The segment describes a difficult situation (paralytic being carried, inability to get near), leaning slightly negative."
5,"αὐτῷ διὰ τὸν ὄχλον ἀπεστέγασαν τὴν στέγην ὅπου ἦν, καὶ","because of the crowd, they removed the roof above him; and",0.0,60,"This segment is neutral, describing an action taken to overcome an obstacle."
6,ἐξορύξαντες χαλῶσι τὸν κράβαττον ὅπου ὁ παραλυτικὸς,"when they had made an opening, they let down the pallet on which the paralytic",-0.1,65,"The segment describes the act of lowering the paralytic, which is slightly negative due to the underlying condition."
7,κατέκειτο.  καὶ ἰδὼν ὁ Ἰησοῦς τὴν πίστιν αὐτῶν λέγει τῷ,"was lying. And when Jesus saw their faith, he said to the",0.3,75,"The segment introduces Jesus and the concept of faith, which is generally positive."
8,"παραλυτικῷ Τέκνον, ἀφίενταί σου αἱ ἁμαρτίαι.  ἦσαν δέ","paralytic, ""Son, your sins are forgiven."" Now some",0.4,80,"The forgiveness of sins is a positive concept, indicating healing and redemption."
9,τινες τῶν γραμματέων ἐκεῖ καθήμενοι καὶ διαλογιζόμενοι ἐν ταῖς καρδίαις αὐτῶν  Τί οὗτος οὕτω λαλεῖ; βλασφημεῖ·,"of the scribes were sitting there, questioning in their hearts, ""Why does this man speak like that? He is blaspheming!""",-0.5,85,"The segment introduces doubt and accusation of blasphemy, which is strongly negative."
10,τίς δύναται ἀφιέναι ἁμαρτίας εἰ μὴ εἷς ὁ θεός;  καὶ εὐθὺς ἐπιγνοὺς ὁ Ἰησοῦς τῷ πνεύματι αὐτοῦ ὅτι [οὕτως] διαλογίζονται,"Who can forgive sins but God alone? And immediately Jesus, perceiving in his spirit that they were thus questioning",-0.3,75,The segment continues the negative sentiment of doubt and questioning Jesus' authority.
1,ἐν ἑαυτοῖς λέγει [αὐτοῖς] Τί ταῦτα διαλογίζεσθε ἐν,Why do you reason about these things in yourselves?,-0.2,70,"This segment contains a question implying doubt or disagreement, suggesting a slightly negative sentiment."
2,"ταῖς καρδίαις ὑμῶν;  τί ἐστιν εὐκοπώτερον,","in your hearts? Which is easier,",0.0,60,"This segment is neutral, posing a question without expressing a clear positive or negative sentiment."
3,"εἰπεῖν τῷ παραλυτικῷ Ἀφίενταί σου αἱ ἁμαρτίαι, ἢ εἰπεῖν Ἐγείρου","to say to the paralytic, 'Your sins are forgiven,' or to say, 'Get up'",0.3,75,"The forgiveness of sins carries a positive connotation, suggesting redemption and healing."
4,[καὶ] ἆρον τὸν κράβαττόν σου καὶ περιπάτει;  ἵνα δὲ εἰδῆτε,and take up your bed and walk?' But so that you may know,0.2,65,"The command to 'get up and walk' implies healing and restoration, which is generally positive. The 'so that you may know' introduces an element of purpose."
5,ὅτι ἐξουσίαν ἔχει ὁ υἱὸς τοῦ ἀνθρώπου ἀφιέναι ἁμαρτίας,that the Son of Man has authority to forgive sins,0.4,80,"The statement about the Son of Man having authority to forgive sins is positive, indicating power and redemption."
6,"ἐπὶ τῆς γῆς — λέγει τῷ παραλυτικῷ  Σοὶ λέγω,","on earth"" - He said to the paralytic, ""I say to you,",0.0,50,"This segment is neutral, setting the stage for a command without expressing inherent positive or negative sentiment."
7,ἔγειρε ἆρον τὸν κράβαττόν σου καὶ ὕπαγε εἰς τὸν οἶκόν σου.  καὶ ἠγέρθη καὶ εὐθὺς ἄρας τὸν κράβαττον ἐξῆλθεν ἔμπροσθεν,"get up, take up your bed, and go to your home."" And he got up, and immediately taking up the bed, he went out before",0.7,85,"This segment describes a miraculous healing and restoration, which is highly positive."
8,"πάντων, ὥστε ἐξίστασθαι πάντας καὶ δοξάζειν τὸν θεὸν","everyone, so that everyone was amazed and glorified God",0.8,90,The amazement and glorification of God indicate a very positive and uplifting event.
9,[λέγοντας] ὅτι Οὕτως οὐδέποτε εἴδαμεν.  Καὶ ἐξῆλθεν πάλιν παρὰ τὴν θάλασσαν· καὶ πᾶς,"[saying] ""We have never seen anything like this!"" And he went out again beside the sea, and all",0.6,80,"The exclamation ""We have never seen anything like this!"" expresses awe and wonder, indicating a positive sentiment. The continuation of the narrative is neutral."
10,"ὁ ὄχλος ἤρχετο πρὸς αὐτόν, καὶ ἐδίδασκεν αὐτούς.  Καὶ","the crowd was coming to him, and he was teaching them. And",0.3,70,Teaching and people gathering suggest a positive influence and reception of knowledge.
1,παράγων εἶδεν Λευεὶν τὸν τοῦ Ἁλφαίου καθήμενον ἐπὶ,"And passing by, He saw Levi, the son of Alphaeus, sitting at",0.0,60,This segment is a neutral observation of an event. It simply states that Jesus saw Levi.
2,"τὸ τελώνιον, καὶ λέγει αὐτῷ Ἀκολούθει μοι. καὶ ἀναστὰς","the tax office, and He said to him, ""Follow Me."" And rising up,",0.5,70,"This segment contains a call to action from Jesus, which can be interpreted as positive due to its association with discipleship and spiritual guidance."
3,ἠκολούθησεν αὐτῷ.  Καὶ γίνεται κατακεῖσθαι,he followed Him. And it happened that He was reclining at the table,0.3,65,Levi's act of following Jesus suggests a positive response to the call. The second part is a neutral description of a scene.
4,"αὐτὸν ἐν τῇ οἰκίᾳ αὐτοῦ, καὶ πολλοὶ τελῶναι καὶ ἁμαρτωλοὶ  συνανέκειντο τῷ Ἰησοῦ καὶ τοῖς μαθηταῖς αὐτοῦ,","in his house, and many tax collectors and sinners were reclining at the table with Jesus and His disciples;",0.1,55,"The presence of tax collectors and sinners is a neutral observation, although it hints at a potential for controversy or judgment later on. The act of reclining together suggests fellowship."
5,ἦσαν γὰρ πολλοὶ καὶ ἠκολούθουν αὐτῷ.  καὶ οἱ γραμματεῖς,"for there were many, and they were following Him. And the scribes",0.2,60,"The first part indicates a growing following, which is generally positive. The introduction of the scribes hints at potential conflict or scrutiny."
6,τῶν Φαρισαίων ἰδόντες ὅτι ἐσθίει μετὰ τῶν ἁμαρτωλῶν,"of the Pharisees, when they saw that He was eating with the sinners",-0.2,65,"The Pharisees' observation of Jesus eating with sinners suggests disapproval or criticism, indicating a negative sentiment."
7,καὶ τελωνῶν ἔλεγον τοῖς μαθηταῖς αὐτοῦ Ὅτι,"and tax collectors, said to His disciples, ""Why is it",-0.3,70,"The Pharisees questioning Jesus's disciples implies a challenge or accusation, which carries a negative sentiment."
8,μετὰ τῶν τελωνῶν καὶ ἁμαρτωλῶν ἐσθίει;  καὶ ἀκούσας,"that He eats with the tax collectors and sinners?""",-0.4,75,"The question posed by the Pharisees is critical and judgmental, expressing a clear negative sentiment towards Jesus's association with sinners and tax collectors."
9,ὁ Ἰησοῦς λέγει αὐτοῖς [ὅτι] Οὐ χρείαν ἔχουσιν οἱ ἰσχύοντες,"Jesus heard it and said to them, ""Those who are healthy have no need",0.2,65,"Jesus's response begins to offer a justification, implying a positive intention to help those in need, although it also contains a contrast."
10,ἰατροῦ ἀλλʼ οἱ κακῶς ἔχοντες· οὐκ ἦλθον καλέσαι,"of a physician, but those who are sick; I did not come to call",0.4,70,"Jesus's statement clarifies his purpose as helping those in need, which is a positive sentiment. The analogy of a physician reinforces this positive message."
1,δικαίους ἀλλὰ ἁμαρτωλούς.  Καὶ ἦσαν οἱ μαθηταὶ,righteous but sinners. And the disciples were,-0.2,70,"The segment presents a contrast between the righteous and sinners, suggesting a potentially negative sentiment due to the presence of 'sinners'."
2,Ἰωάνου καὶ οἱ Φαρισαῖοι νηστεύοντες. καὶ ἔρχονται,of John and the Pharisees fasting. And they come,-0.1,60,"The segment mentions fasting, which can be associated with a sense of deprivation or solemnity, leading to a slightly negative sentiment."
3,καὶ λέγουσιν αὐτῷ Διὰ τί οἱ μαθηταὶ Ἰωάνου καὶ οἱ μαθηταὶ,"and they say to him, ""Why do the disciples of John and the disciples",-0.1,50,"The segment poses a question regarding the disciples of John, implying a potential conflict or difference in practice, leading to a slightly negative sentiment."
4,"τῶν Φαρισαίων νηστεύουσιν, οἱ δὲ σοὶ [μαθηταὶ] οὐ νηστεύουσιν;  καὶ εἶπεν αὐτοῖς ὁ Ἰησοῦς Μὴ δύνανται","of the Pharisees fast, but your [disciples] do not fast? And Jesus said to them, ""Can",-0.2,65,"The segment highlights a contrast between the fasting practices of different groups and questions the reason behind it, suggesting a potential disagreement or tension, leading to a slightly negative sentiment."
5,οἱ υἱοὶ τοῦ νυμφῶνος ἐν ᾧ ὁ νυμφίος μετʼ αὐτῶν ἐστὶν,"the sons of the bridechamber, while the bridegroom is with them,",0.3,70,"The segment mentions the bridegroom and the sons of the bridechamber, which evokes a sense of celebration and joy, leading to a positive sentiment."
6,νηστεύειν; ὅσον χρόνον ἔχουσιν τὸν νυμφίον μετʼ αὐτῶν οὐ δύνανται νηστεύειν·  ἐλεύσονται δὲ ἡμέραι ὅταν ἀπαρθῇ,"fast? As long as they have the bridegroom with them, they cannot fast. But days will come when the bridegroom is taken away",-0.3,75,"The segment contrasts a time of celebration with a future time of sorrow when the bridegroom is taken away, suggesting a negative sentiment due to the anticipation of loss."
7,"ἀπʼ αὐτῶν ὁ νυμφίος, καὶ τότε νηστεύσουσιν ἐν ἐκείνῃ τῇ","from them, the bridegroom, and then they will fast in that",-0.4,80,"The segment explicitly mentions fasting as a consequence of the bridegroom being taken away, reinforcing the negative sentiment associated with loss and mourning."
8,ἡμέρᾳ.  οὐδεὶς ἐπίβλημα ῥάκους ἀγνάφου ἐπιράπτει ἐπὶ,day. No one sews a patch of unshrunk cloth on,0.0,50,"This segment presents a practical analogy without strong emotional connotations, resulting in a neutral sentiment."
9,"ἱμάτιον παλαιόν· εἰ δὲ μή, αἴρει τὸ πλήρωμα ἀπʼ αὐτοῦ","an old garment. If he does, the patch pulls away from it,",-0.1,60,"The segment describes a situation where something tears or pulls away, suggesting a potential for damage or failure, leading to a slightly negative sentiment."
10,"τὸ καινὸν τοῦ παλαιοῦ, καὶ χεῖρον σχίσμα γίνεται.  καὶ","the new from the old, and a worse tear is made. And",-0.5,85,"The segment explicitly mentions a 'worse tear' or schism, indicating a negative outcome and a sense of damage or division, leading to a strong negative sentiment."
1,"οὐδεὶς βάλλει οἶνον νέον εἰς ἀσκοὺς παλαιούς· εἰ δὲ μή,","No one puts new wine into old wineskins; otherwise,",0.0,70,"This is a statement of a practical principle, without inherent positive or negative sentiment. It's observational."
2,"ῥήξει ὁ οἶνος τοὺς ἀσκούς, καὶ ὁ οἶνος ἀπόλλυται καὶ","the wine will burst the skins, and the wine is lost and",-0.5,80,"This segment describes a negative outcome (bursting, loss), indicating a negative sentiment."
3,οἱ ἀσκοί· [ἀλλὰ οἶνον νέον εἰς ἀσκοὺς καινούς.]  Καὶ ἐγένετο αὐτὸν ἐν τοῖς σάββασιν διαπορεύεσθαι,"the skins; [but new wine into new wineskins.] And it happened that he was going through the grainfields on the Sabbaths,",0.0,60,"This segment is mostly descriptive, setting the scene for a narrative. The bracketed portion is neutral, and the second part is a statement of fact."
4,"διὰ τῶν σπορίμων, καὶ οἱ μαθηταὶ αὐτοῦ ἤρξαντο","through the grainfields, and his disciples began",0.0,50,This segment is descriptive and sets the stage for an event. No inherent sentiment is present.
5,ὁδὸν ποιεῖν τίλλοντες τοὺς στάχυας.  καὶ οἱ Φαρισαῖοι,"to make their way, plucking the heads of grain. And the Pharisees",0.0,60,This segment describes an action (plucking grain) and introduces a group (Pharisees). It is neutral in sentiment.
6,ἔλεγον αὐτῷ Ἴδε τί ποιοῦσιν τοῖς σάββασιν ὃ οὐκ ἔξεστιν;  καὶ λέγει αὐτοῖς Οὐδέποτε ἀνέγνωτε τί ἐποίησεν,"said to him, ""Look, why are they doing what is not lawful on the Sabbaths?"" And he said to them, ""Have you never read what David did",-0.3,75,"The Pharisees' question implies disapproval and accusation, contributing to a slightly negative sentiment. The response is neutral."
7,Δαυεὶδ ὅτε χρείαν ἔσχεν καὶ ἐπείνασεν αὐτὸς καὶ οἱ μετʼ αὐτοῦ;  [πῶς] εἰσῆλθεν εἰς τὸν οἶκον τοῦ θεοῦ,"David did when he was in need and hungry, both he and those who were with him? [How] he entered the house of God",-0.2,65,The mention of need and hunger introduces a slightly negative element. The rest is descriptive.
8,"ἐπὶ Ἀβιάθαρ ἀρχιερέως καὶ τοὺς ἄρτους τῆς προθέσεως  ἔφαγεν, οὓς οὐκ ἔξεστιν φαγεῖν εἰ μὴ τοὺς ἱερεῖς, καὶ ἔδωκεν καὶ τοῖς σὺν αὐτῷ οὖσιν;  καὶ ἔλεγεν αὐτοῖς Τὸ","in the days of Abiathar the high priest and ate the bread of the Presence, which is not lawful to eat except for the priests, and gave it also to those who were with him?"" And he said to them, ""The",0.0,70,"This segment recounts a past event, presenting it as a justification. It doesn't carry a strong positive or negative sentiment on its own."
9,σάββατον διὰ τὸν ἄνθρωπον ἐγένετο καὶ οὐχ ὁ ἄνθρωπος  διὰ τὸ σάββατον·  ὥστε κύριός ἐστιν ὁ υἱὸς τοῦ ἀνθρώπου,"Sabbath was made for man, not man for the Sabbath. So the Son of Man is Lord",0.3,75,"This segment expresses a sense of liberation and purpose, suggesting a slightly positive sentiment. The statement about the Son of Man being Lord adds to this."
10,"καὶ τοῦ σαββάτου.  Καὶ εἰσῆλθεν πάλιν εἰς συναγωγήν, καὶ ἦν ἐκεῖ ἄνθρωπος ἐξηραμμένην ἔχων τὴν χεῖρα·  καὶ παρετήρουν αὐτὸν εἰ τοῖς σάββασιν θεραπεύσει","even of the Sabbath."" And he entered again into a synagogue, and a man was there who had a withered hand. And they watched him closely to see if he would heal him on the Sabbath.",-0.2,70,"The presence of a man with a withered hand introduces a slightly negative element (suffering). The act of being watched closely suggests tension and potential conflict, contributing to the negative sentiment."
1,"αὐτόν, ἵνα κατηγορήσωσιν αὐτοῦ.  καὶ λέγει τῷ ἀνθρώπῳ","him, so that they might accuse him. And he says to the man,",-0.3,70,The segment indicates a negative sentiment due to the intention to accuse someone.
2,τῷ τὴν χεῖρα ἔχοντι ξηράν Ἔγειρε εἰς τὸ μέσον.  καὶ,"who had a withered hand, ""Stand up in the middle."" And",-0.2,65,"The segment describes a physical ailment (withered hand), suggesting a slightly negative sentiment."
3,λέγει αὐτοῖς Ἔξεστιν τοῖς σάββασιν ἀγαθοποιῆσαι ἢ,"he says to them, ""Is it lawful on the Sabbath to do good or",0.1,55,"The segment presents a question about doing good, which has a slightly positive connotation."
4,"κακοποιῆσαι, ψυχὴν σῶσαι ἢ ἀποκτεῖναι; οἱ δὲ ἐσιώπων.  καὶ περιβλεψάμενος αὐτοὺς μετʼ ὀργῆς, συνλυπούμενος ἐπὶ","to do evil, to save life or to kill? But they were silent. And looking around at them with anger, being grieved at",-0.6,80,"The segment contains contrasting actions (save/kill, good/evil) and describes anger and grief, indicating a negative sentiment."
5,"τῇ πωρώσει τῆς καρδίας αὐτῶν, λέγει τῷ ἀνθρώπῳ Ἔκτεινον","the hardness of their hearts, he says to the man, ""Stretch out",-0.4,75,"The segment mentions the ""hardness of their hearts,"" which implies a negative moral or emotional state."
6,"τὴν χεῖρά σου· καὶ ἐξέτεινεν, καὶ ἀπεκατεστάθη ἡ","your hand."" And he stretched it out, and his hand was restored.",0.7,85,"The segment describes a healing, which is a positive event."
7,χεὶρ αὐτοῦ.  Καὶ ἐξελθόντες οἱ Φαρισαῖοι εὐθὺς μετὰ τῶν,his hand. The Pharisees went out and immediately conspired with the,-0.3,60,"The segment introduces the Pharisees conspiring, which suggests a negative plot or scheme."
8,Ἡρῳδιανῶν συμβούλιον ἐδίδουν κατʼ αὐτοῦ ὅπως αὐτὸν,"Herodians against him, how to",-0.5,75,"The segment describes a conspiracy against someone, indicating a negative sentiment."
9,ἀπολέσωσιν.  Καὶ ὁ Ἰησοῦς μετὰ τῶν μαθητῶν αὐτοῦ ἀνεχώρησεν,destroy him. And Jesus withdrew with his disciples,-0.4,70,"The segment mentions the intention to destroy someone, which is a negative sentiment, and a retreat."
10,πρὸς τὴν θάλασσαν· καὶ πολὺ πλῆθος ἀπὸ τῆς Γαλιλαίας,"to the sea, and a great multitude from Galilee",0.2,50,"The segment describes a large crowd, which can be seen as neutral to slightly positive depending on the context."
1,"ἠκολούθησεν,  καὶ ἀπὸ τῆς Ἰουδαίας καὶ ἀπὸ Ἰεροσολύμων","And followed Him, from Judea and from Jerusalem.",0.1,70,"This segment describes people following someone, which is generally neutral but can be seen as slightly positive depending on who is being followed. The mention of Judea and Jerusalem adds a historical context."
2,καὶ ἀπὸ τῆς Ἰδουμαίας καὶ πέραν τοῦ Ἰορδάνου καὶ περὶ,And from Idumea and beyond the Jordan and around,0.0,60,This segment is geographically descriptive and doesn't carry any inherent sentiment. It simply lists regions.
3,"Τύρον καὶ Σιδῶνα, πλῆθος πολύ, ἀκούοντες ὅσα ποιεῖ","Tyre and Sidon, a great multitude, hearing how many things He did",0.2,75,"The segment mentions a ""great multitude"" hearing about someone's actions. The phrase ""how many things He did"" suggests positive actions, leading to a slightly positive sentiment."
4,ἦλθαν πρὸς αὐτόν.  καὶ εἶπεν τοῖς μαθηταῖς αὐτοῦ ἵνα,Came to Him. And He told His disciples that,0.0,65,This segment is neutral in sentiment. It describes people coming to someone and that person speaking to their disciples. There's no inherent positive or negative connotation.
5,πλοιάριον προσκαρτερῇ αὐτῷ διὰ τὸν ὄχλον ἵνα μὴ θλίβωσιν,"a small boat should be kept ready for Him because of the crowd, lest they crush",-0.1,70,"The segment mentions a crowd potentially crushing someone, which introduces a slightly negative element of potential harm or discomfort. Hence, a slightly negative sentiment."
6,"αὐτόν·  πολλοὺς γὰρ ἐθεράπευσεν,","Him; for He healed many,",0.7,85,"This segment expresses a positive sentiment. The phrase ""He healed many"" indicates a beneficial action, leading to a strong positive polarity."
7,ὥστε ἐπιπίπτειν αὐτῷ ἵνα αὐτοῦ ἅψωνται ὅσοι εἶχον μάστιγας.  καὶ τὰ,"so that they might fall upon Him, that they might touch Him, as many as had afflictions. And the",-0.2,75,"The segment describes people with ""afflictions"" falling upon someone to touch him. While the touching might be seen as seeking help, the presence of ""afflictions"" introduces a negative element, resulting in a slightly negative sentiment."
8,"πνεύματα τὰ ἀκάθαρτα, ὅταν αὐτὸν ἐθεώρουν, προσέπιπτον","unclean spirits, when they saw Him, fell down before",-0.4,80,"The segment mentions ""unclean spirits,"" which is a negative concept. Their falling down before someone doesn't necessarily negate the negativity associated with their nature. Therefore, the sentiment is negative."
9,αὐτῷ καὶ ἔκραζον λέγοντα ὅτι Σὺ εἶ ὁ υἱὸς τοῦ θεοῦ.  καὶ πολλὰ ἐπετίμα αὐτοῖς ἵνα μὴ αὐτὸν φανερὸν ποιήσωσιν.  Καὶ ἀναβαίνει εἰς τὸ ὄρος καὶ προσκαλεῖται,"Him and cried out, saying, ""You are the Son of God."" And He sternly warned them that they should not make Him known. And He went up on the mountain and called to",0.3,75,"The segment contains both positive and negative elements. The declaration ""You are the Son of God"" is positive. However, the stern warning against making Him known introduces a sense of caution or suppression. The overall sentiment leans slightly positive due to the divine declaration."
10,"οὓς ἤθελεν αὐτός, καὶ ἀπῆλθον πρὸς αὐτόν.  καὶ","those whom He Himself wanted, and they went away to Him. And",0.1,65,"This segment describes someone choosing people and them going to him. The act of choosing and going suggests a positive inclination or willingness, leading to a slightly positive sentiment."
1,"ἐποίησεν δώδεκα, οὓς καὶ ἀποστόλους ὠνόμασεν, ἵνα ὦσιν μετʼ αὐτοῦ καὶ ἵνα ἀποστέλλῃ αὐτοὺς κηρύσσειν  καὶ ἔχειν ἐξουσίαν ἐκβάλλειν τὰ δαιμόνια·  καὶ ἐποίησεν τοὺς δώδεκα (καὶ ἐπέθηκεν ὄνομα τῷ Σίμωνι) Πέτρον,  καὶ Ἰάκωβον","He appointed twelve, whom he also named apostles, so that they might be with him and he might send them out to preach and to have authority to cast out demons. And he appointed the twelve: (and he gave Simon the name) Peter, and James",0.7,80,"This segment describes a positive action of appointing apostles and giving them authority, indicating a positive sentiment."
2,"τὸν τοῦ Ζεβεδαίου καὶ Ἰωάνην τὸν ἀδελφὸν τοῦ Ἰακώβου  (καὶ ἐπέθηκεν αὐτοῖς ὄνομα Βοανηργές, ὅ ἐστιν Υἱοὶ","son of Zebedee and John the brother of James (and he gave them the name Boanerges, which means, Sons",0.3,65,"This segment is mostly descriptive, naming individuals and assigning a name with a specific meaning. The naming itself carries a slightly positive connotation."
3,"Βροντῆς),  καὶ Ἀνδρέαν καὶ Φίλιππον καὶ Βαρθολομαῖον","of Thunder), and Andrew and Philip and Bartholomew",0.0,70,"This segment is neutral, simply listing names. There is no inherent positive or negative sentiment."
4,καὶ Μαθθαῖον καὶ Θωμᾶν καὶ Ἰάκωβον τὸν τοῦ Ἁλφαίου,and Matthew and Thomas and James the son of Alphaeus,0.0,70,"This segment is neutral, simply listing names. There is no inherent positive or negative sentiment."
5,"καὶ Θαδδαῖον καὶ Σίμωνα τὸν Καναναῖον  καὶ Ἰούδαν Ἰσκαριώθ,",and Thaddaeus and Simon the Cananaean and Judas Iscariot,-0.2,60,"While mostly neutral, the mention of Judas Iscariot introduces a slightly negative sentiment due to his later betrayal."
6,"ὃς καὶ παρέδωκεν αὐτόν.  Καὶ ἔρχεται εἰς οἶκον· καὶ συνέρχεται πάλιν [ὁ] ὄχλος,","who also betrayed him. And he went home, and the crowd gathered again,",-0.6,85,"The phrase ""who also betrayed him"" indicates a strong negative sentiment due to the act of betrayal."
7,ὥστε μὴ δύνασθαι αὐτοὺς μηδὲ ἄρτον φαγεῖν.  καὶ ἀκούσαντες,so that they could not even eat. And when they heard,-0.4,75,"The inability to eat suggests a state of distress or being overwhelmed, indicating a negative sentiment."
8,"οἱ παρʼ αὐτοῦ ἐξῆλθον κρατῆσαι αὐτόν, ἔλεγον γὰρ","his relatives went out to seize him, for they were saying",-0.5,80,The act of relatives trying to seize him suggests conflict and a negative situation.
9,ὅτι ἐξέστη.  καὶ οἱ γραμματεῖς οἱ ἀπὸ Ἰεροσολύμων καταβάντες,"""He is out of his mind."" And the scribes who came down from Jerusalem",-0.6,80,"Saying someone is ""out of his mind"" is a negative judgment, indicating a negative sentiment."
10,"ἔλεγον ὅτι Βεεζεβοὺλ ἔχει, καὶ ὅτι ἐν τῷ ἄρχοντι","were saying, ""He has Beelzebul,"" and ""by the ruler",-0.8,90,"Accusing someone of being possessed by Beelzebul is a strong negative accusation, indicating a very negative sentiment."
1,τῶν δαιμονίων ἐκβάλλει τὰ δαιμόνια.  καὶ προσκαλεσάμενος,"He casts out demons by the prince of demons. And having called them to him,",0.1,65,"This segment describes the act of casting out demons, which can be interpreted as a positive action against evil, but also contains the accusation of doing so by demonic power, creating a mixed sentiment."
2,"αὐτοὺς ἐν παραβολαῖς ἔλεγεν αὐτοῖς Πῶς δύναται Σατανᾶς Σατανᾶν ἐκβάλλειν;  καὶ ἐὰν βασιλεία ἐφʼ ἑαυτὴν μερισθῇ,","he said to them in parables, ""How can Satan cast out Satan? And if a kingdom is divided against itself,""",-0.2,70,"This segment presents a rhetorical question about Satan casting out Satan, suggesting internal conflict and weakness, which carries a negative connotation. The mention of a kingdom divided against itself further reinforces this negative sentiment."
3,"οὐ δύναται σταθῆναι ἡ βασιλεία ἐκείνη·  καὶ ἐὰν οἰκία ἐφʼ ἑαυτὴν μερισθῇ, οὐ δυνήσεται ἡ οἰκία ἐκείνη στῆναι·  καὶ εἰ ὁ Σατανᾶς ἀνέστη ἐφʼ ἑαυτὸν καὶ ἐμερίσθη, οὐ δύναται","that kingdom cannot stand. And if a house is divided against itself, that house will not be able to stand. And if Satan has risen up against himself and is divided, he cannot",-0.5,80,"This segment speaks of kingdoms and houses unable to stand due to internal division, and Satan rising against himself. This conveys a strong sense of instability, conflict, and ultimate failure, resulting in a negative sentiment."
4,στῆναι ἀλλὰ τέλος ἔχει.  ἀλλʼ οὐ δύναται οὐδεὶς,"stand, but is coming to an end. But no one can",-0.6,85,"The phrase ""coming to an end"" directly indicates a negative outcome and destruction. The inability of anyone to do something further reinforces a sense of helplessness and negativity."
5,εἰς τὴν οἰκίαν τοῦ ἰσχυροῦ εἰσελθὼν τὰ σκεύη αὐτοῦ διαρπάσαι,enter a strong man's house and plunder his goods,-0.3,75,"The act of plundering suggests violence and violation, contributing to a negative sentiment. The presence of a ""strong man"" implies a potential conflict or struggle."
6,"ἐὰν μὴ πρῶτον τὸν ἰσχυρὸν δήσῃ, καὶ τότε τὴν","unless he first binds the strong man, and then he will",-0.1,70,"Binding a strong man implies a forceful and potentially violent action, which carries a slightly negative sentiment. However, it also suggests overcoming an obstacle, adding a hint of potential positivity."
7,οἰκίαν αὐτοῦ διαρπάσει.  Ἀμὴν λέγω ὑμῖν ὅτι πάντα,"plunder his house. Truly, I say to you, all",-0.2,60,"The plundering of a house continues the negative sentiment from the previous segment. The phrase ""Truly, I say to you"" is neutral in itself, but the context of plundering makes the overall sentiment slightly negative."
8,"ἀφεθήσεται τοῖς υἱοῖς τῶν ἀνθρώπων, τὰ ἁμαρτήματα καὶ","will be forgiven the children of man, all sins and",0.6,85,"The concept of forgiveness is inherently positive, suggesting redemption and release from guilt. This segment offers a message of hope and reconciliation."
9,αἱ βλασφημίαι ὅσα ἐὰν βλασφημήσωσιν·  ὃς δʼ ἂν βλασφημήσῃ,"blasphemies, whatever blasphemies they utter; but whoever blasphemes",-0.4,75,"The mention of blasphemies introduces a negative element, as it represents disrespect and offense towards the divine. The segment sets up a contrast between forgivable sins and a specific unforgivable one."
10,"εἰς τὸ πνεῦμα τὸ ἅγιον, οὐκ ἔχει ἄφεσιν εἰς τὸν","against the Holy Spirit never has forgiveness, but is guilty of",-0.8,90,"The statement that someone ""never has forgiveness"" is extremely negative, indicating eternal condemnation. This creates a strong sense of despair and hopelessness."
1,"αἰῶνα, ἀλλὰ ἔνοχός ἐστιν αἰωνίου ἁμαρτήματος.  ὅτι","but is guilty of an eternal sin.""",-0.6,80,"The segment speaks of being guilty of an eternal sin, which carries a negative sentiment."
2,ἔλεγον Πνεῦμα ἀκάθαρτον ἔχει.  Καὶ ἔρχονται,"were saying, ""He has an unclean spirit.""",-0.5,85,"The segment describes someone being accused of having an unclean spirit, which is a negative accusation."
3,ἡ μήτηρ αὐτοῦ καὶ οἱ ἀδελφοὶ αὐτοῦ καὶ ἔξω στήκοντες,"His mother and his brothers came, and standing outside",0.0,70,This segment is a neutral statement of fact about the arrival of the subject's family.
4,ἀπέστειλαν πρὸς αὐτὸν καλοῦντες αὐτόν.  καὶ ἐκάθητο,"they sent to him, calling him. And a crowd was sitting",0.0,75,This segment describes a neutral action of sending a message and the presence of a crowd.
5,"περὶ αὐτὸν ὄχλος, καὶ λέγουσιν αὐτῷ Ἰδοὺ ἡ μήτηρ σου","around him, and they said to him, ""Behold, your mother",0.0,70,This segment is a neutral statement of fact about the subject's mother being present.
6,καὶ οἱ ἀδελφοί σου ἔξω ζητοῦσίν σε.  καὶ ἀποκριθεὶς αὐτοῖς λέγει Τίς ἐστιν ἡ μήτηρ μου καὶ οἱ ἀδελφοί;  καὶ,"and your brothers are outside seeking you."" And answering them, he said, ""Who is my mother and my brothers?""",-0.2,65,"The segment contains a question that implies a detachment from the traditional family, which carries a slightly negative sentiment."
7,περιβλεψάμενος τοὺς περὶ αὐτὸν κύκλῳ καθημένους λέγει,"And looking around at those who were sitting around him, he said,",0.0,70,This segment is a neutral description of an action and setting the stage for a statement.
8,"Ἴδε ἡ μήτηρ μου καὶ οἱ ἀδελφοί μου·  ὃς ἂν ποιήσῃ τὸ θέλημα τοῦ θεοῦ, οὗτος ἀδελφός μου καὶ ἀδελφὴ  καὶ μήτηρ ἐστίν.  Καὶ πάλιν ἤρξατο διδάσκειν παρὰ τὴν θάλασσαν. καὶ","""Here are my mother and my brothers! For whoever does the will of God, he is my brother and sister and mother."" And again he began to teach beside the sea. And",0.3,75,"The segment speaks of doing the will of God and redefining family, which carries a positive sentiment."
9,"συνάγεται πρὸς αὐτὸν ὄχλος πλεῖστος, ὥστε αὐτὸν εἰς","a very large crowd gathered to him, so that he got into",0.1,60,"The segment describes a large crowd gathering, which can be seen as slightly positive due to the implied popularity."
10,"πλοῖον ἐμβάντα καθῆσθαι ἐν τῇ θαλάσσῃ, καὶ πᾶς ὁ ὄχλος","a boat and sat in the sea, and all the crowd",0.0,70,This segment is a neutral description of the subject sitting in a boat and the presence of a crowd.
1,πρὸς τὴν θάλασσαν ἐπὶ τῆς γῆς ἦσαν.  καὶ ἐδίδασκεν,They were by the sea on the land. And he was teaching,0.2,65,"This segment is neutral, simply describing a setting and an action (teaching)."
2,"αὐτοὺς ἐν παραβολαῖς πολλά, καὶ ἔλεγεν αὐτοῖς ἐν τῇ","them in many parables, and saying to them in the",0.3,70,"This segment is slightly positive due to the act of teaching and using parables, which often convey wisdom."
3,διδαχῇ αὐτοῦ  Ἀκούετε.,"his teaching, ""Listen!""",0.4,75,"The imperative ""Listen!"" in the context of teaching suggests an important message, leaning towards a slightly positive sentiment."
4,ἰδοὺ ἐξῆλθεν ὁ σπείρων σπεῖραι.  καὶ ἐγένετο ἐν τῷ σπείρειν ὃ μὲν ἔπεσεν παρὰ τὴν,"Behold, the sower went out to sow. And it happened in the sowing, some fell beside the",0.1,60,"This segment is mostly neutral, introducing the parable of the sower. The act of sowing itself is neither inherently positive nor negative."
5,"ὁδόν, καὶ ἦλθεν τὰ πετεινὰ καὶ κατέφαγεν αὐτό.  καὶ ἄλλο","road, and the birds came and devoured it. And another",-0.3,70,"This segment has a negative sentiment due to the seeds being devoured by birds, representing a loss or failure."
6,"ἔπεσεν ἐπὶ τὸ πετρῶδες [καὶ] ὅπου οὐκ εἶχεν γῆν πολλήν, καὶ εὐθὺς ἐξανέτειλεν","fell on the rocky ground, where it did not have much soil, and immediately it sprang up",0.0,60,"This segment is neutral. While the seed sprouts quickly, the lack of soil hints at a potential problem, but it's not explicitly negative yet."
7,διὰ τὸ μὴ ἔχειν βάθος γῆς·  καὶ ὅτε,because it did not have depth of soil; and when,-0.2,65,"This segment carries a slightly negative sentiment as it highlights the lack of soil depth, foreshadowing a negative outcome."
8,ἀνέτειλεν ὁ ἥλιος ἐκαυματίσθη καὶ διὰ τὸ μὴ ἔχειν,"the sun rose, it was scorched, and because it did not have",-0.5,80,This segment is negative. The seed being scorched by the sun indicates suffering and failure to thrive.
9,"ῥίζαν ἐξηράνθη.  καὶ ἄλλο ἔπεσεν εἰς τὰς ἀκάνθας, καὶ","root, it withered away. And another fell among the thorns, and",-0.6,85,This segment is strongly negative. The seed withering away and falling among thorns represents a complete failure and a hostile environment.
10,"ἀνέβησαν αἱ ἄκανθαι καὶ συνέπνιξαν αὐτό, καὶ καρπὸν","the thorns grew up and choked it, and fruit...",-0.7,90,"This segment is very negative. The thorns choking the seed signifies complete suppression and the inability to produce fruit, representing a wasted effort."
1,"οὐκ ἔδωκεν.  καὶ ἄλλα ἔπεσεν εἰς τὴν γῆν τὴν καλήν, καὶ","it did not give. And others fell on the good soil, and",0.1,70,"This segment is relatively neutral, describing a lack of yield in one case and a positive outcome (good soil) in another. The overall sentiment leans slightly positive due to the mention of ""good soil."""
2,"ἐδίδου καρπὸν ἀναβαίνοντα καὶ αὐξανόμενα, καὶ ἔφερεν",it was yielding fruit that grew up and increased and produced,0.8,90,"This segment describes growth and fruitfulness, indicating a positive outcome and a sense of abundance. The words ""grew up,"" ""increased,"" and ""produced"" all contribute to a strong positive sentiment."
3,εἰς τριάκοντα καὶ ἐν ἑξήκοντα καὶ ἐν ἑκατόν.  Καὶ ἔλεγεν,thirtyfold and sixtyfold and a hundredfold. And he said,0.7,85,"This segment continues the theme of abundance and high yield, reinforcing the positive sentiment. The specific numbers emphasize the magnitude of the positive outcome."
4,Ὃς ἔχει ὦτα ἀκούειν ἀκουέτω.  Καὶ ὅτε,"He who has ears to hear, let him hear. And when",0.3,60,"This segment is a call to attention and understanding. While not inherently positive or negative, it carries a slightly positive connotation as it implies the potential for gaining valuable knowledge or insight."
5,"ἐγένετο κατὰ μόνας, ἠρώτων αὐτὸν οἱ περὶ αὐτὸν σὺν τοῖς","he was alone, those around him with the",0.0,50,This segment is neutral in sentiment. It simply describes a setting and the presence of people. There is no indication of positive or negative emotion.
6,δώδεκα τὰς παραβολάς.  καὶ ἔλεγεν αὐτοῖς Ὑμῖν τὸ,"twelve asked him about the parables. And he said to them, ""To you the",0.2,65,"This segment is slightly positive. The act of asking and receiving answers implies a seeking of knowledge and a potential for enlightenment, which carries a mild positive sentiment."
7,μυστήριον δέδοται τῆς βασιλείας τοῦ θεοῦ· ἐκείνοις δὲ,"mystery has been given of the kingdom of God, but to those",0.6,80,"This segment expresses a positive sentiment. The phrase ""mystery has been given of the kingdom of God"" suggests divine favor and access to profound knowledge, which is inherently positive."
8,"τοῖς ἔξω ἐν παραβολαῖς τὰ πάντα γίνεται,  ἵνα βλέποντες βλέπωσι καὶ μὴ ἴδωσιν, καὶ ἀκούοντες ἀκούωσι καὶ μὴ συνίωσιν, μή ποτε ἐπιστρέψωσιν καὶ ἀφεθῇ αὐτοῖς.  καὶ λέγει αὐτοῖς Οὐκ οἴδατε τὴν παραβολὴν ταύτην,","who are outside everything is done in parables, so that seeing they may see and not perceive, and hearing they may hear and not understand, lest they should turn and be forgiven. And he says to them, ""Do you not understand this parable,",-0.5,85,"This segment has a negative sentiment. It describes a situation where understanding is withheld, and there's a sense of exclusion and potential judgment. The phrase ""see and not perceive, and hearing they may hear and not understand"" indicates a barrier to comprehension and forgiveness, contributing to the negative sentiment."
9,καὶ πῶς πάσας τὰς παραβολὰς γνώσεσθε;  Ὁ σπείρων τὸν,and how will you understand all the parables? The sower sows the,0.1,55,"This segment is slightly positive due to the implication of learning and understanding, but also contains a hint of doubt or questioning. The overall sentiment is mildly positive as it sets the stage for explanation and potential enlightenment."
10,λόγον σπείρει.  οὗτοι δέ εἰσιν οἱ παρὰ τὴν ὁδὸν ὅπου,word. These are the ones along the road where,0.0,50,"This segment is neutral. It introduces the concept of sowing the word, but without any explicit positive or negative connotations. It's a descriptive statement without inherent emotional valence."
1,"σπείρεται ὁ λόγος, καὶ ὅταν ἀκούσωσιν εὐθὺς ἔρχεται ὁ","the word is sown, and when they hear, immediately comes the",0.1,60,"This segment is relatively neutral, describing the sowing of a word and someone hearing it. There's no strong positive or negative sentiment."
2,"Σατανᾶς καὶ αἴρει τὸν λόγον τὸν ἐσπαρμένον εἰς αὐτούς.  καὶ οὗτοί εἰσιν ὁμοίως οἱ ἐπὶ τὰ πετρώδη σπειρόμενοι,","Satan and takes away the word that was sown in them. And these are likewise those sown on rocky ground,",-0.5,80,"The mention of Satan taking away the word indicates a negative influence and loss, contributing to a negative sentiment."
3,οἳ ὅταν ἀκούσωσιν τὸν λόγον εὐθὺς μετὰ χαρᾶς λαμβάνουσιν,"who, when they hear the word, immediately receive it with joy,",0.8,90,"The phrase ""with joy"" (μετὰ χαρᾶς) clearly indicates a positive sentiment."
4,"αὐτόν,  καὶ οὐκ ἔχουσιν ῥίζαν ἐν ἑαυτοῖς ἀλλὰ  πρόσκαιροί εἰσιν, εἶτα γενομένης θλίψεως ἢ διωγμοῦ διὰ","it; and they have no root in themselves, but are temporary; then, when tribulation or persecution arises because of",-0.6,85,"The mention of ""tribulation or persecution"" (θλίψεως ἢ διωγμοῦ) indicates a negative experience, contributing to a negative sentiment."
5,τὸν λόγον εὐθὺς σκανδαλίζονται.  καὶ ἄλλοι εἰσὶν οἱ εἰς,"the word, immediately they are offended. And others are those sown among",-0.4,75,"The word ""offended"" (σκανδαλίζονται) suggests a negative reaction and disappointment, contributing to a negative sentiment."
6,"τὰς ἀκάνθας σπειρόμενοι· οὗτοί εἰσιν οἱ τὸν λόγον ἀκούσαντες,  καὶ αἱ μέριμναι τοῦ αἰῶνος καὶ ἡ ἀπάτη τοῦ πλούτου","the thorns; these are the ones who hear the word, and the cares of this age, and the deceitfulness of riches,",-0.3,70,"The mention of ""cares"" (μέριμναι) and ""deceitfulness"" (ἀπάτη) suggests negative influences and anxieties, contributing to a slightly negative sentiment."
7,καὶ αἱ περὶ τὰ λοιπὰ ἐπιθυμίαι εἰσπορευόμεναι συνπνίγουσιν,and the desires for other things entering in choke,-0.5,80,"The word ""choke"" (συνπνίγουσιν) indicates suppression and a negative impact, contributing to a negative sentiment."
8,"τὸν λόγον, καὶ ἄκαρπος γίνεται.  καὶ ἐκεῖνοί εἰσιν","the word, and it becomes unfruitful. And these are",-0.4,75,"The phrase ""unfruitful"" (ἄκαρπος) suggests a lack of positive outcome and a negative result, contributing to a negative sentiment."
9,"οἱ ἐπὶ τὴν γῆν τὴν καλὴν σπαρέντες, οἵτινες ἀκούουσιν τὸν","those sown on the good ground, who hear the",0.3,65,"The phrase ""good ground"" (γῆν τὴν καλὴν) suggests a positive environment and potential for growth, contributing to a slightly positive sentiment."
10,λόγον καὶ παραδέχονται καὶ καρποφοροῦσιν ἐν τριάκοντα,word and accept it and bear fruit in thirty,0.7,85,"The phrase ""bear fruit"" (καρποφοροῦσιν) clearly indicates a positive outcome and productivity, contributing to a positive sentiment."
1,καὶ [ἐν] ἑξήκοντα καὶ [ἐν] ἑκατόν.  Καὶ ἔλεγεν,And [in] sixty and [in] a hundred. And he said,0.0,50,"This segment is a simple statement of numbers and a declaration of speech, carrying no inherent sentiment."
2,αὐτοῖς ὅτι Μήτι ἔρχεται ὁ λύχνος ἵνα ὑπὸ τὸν μόδιον,"to them, ""Is a lamp brought to be put under a basket,",-0.1,60,"This segment poses a rhetorical question about the purpose of a lamp, implying a sense of questioning or mild disapproval of misuse. The sentiment is slightly negative due to the implied criticism."
3,"τεθῇ ἢ ὑπὸ τὴν κλίνην, οὐχ ἵνα †ἐπὶ† τὴν λυχνίαν τεθῇ;  οὐ","or under a bed, and not to be put on a lampstand?""",0.1,60,"This segment continues the rhetorical question, emphasizing the proper use of a lamp. The sentiment is slightly positive as it promotes correct usage and purpose."
4,"γὰρ ἔστιν κρυπτὸν ἐὰν μὴ ἵνα φανερωθῇ, οὐδὲ ἐγένετο","For there is nothing hidden except to be revealed, nor has anything been",0.4,70,"This segment speaks of revelation and unveiling, which carries a positive connotation of discovery and truth."
5,ἀπόκρυφον ἀλλʼ ἵνα ἔλθῃ εἰς φανερόν.  Εἴ τις ἔχει ὦτα,secret but that it should come to light. If anyone has ears,0.3,70,"This segment continues the theme of revelation and encourages attentiveness, suggesting a positive message of understanding and enlightenment."
6,ἀκούειν ἀκουέτω.  Καὶ ἔλεγεν αὐτοῖς Βλέπετε,"to hear, let him hear."" And he said to them, ""Take care",0.1,60,"This segment contains a call to listen and pay attention, which is generally a neutral to slightly positive sentiment, urging awareness."
7,τί ἀκούετε. ἐν ᾧ μέτρῳ μετρεῖτε μετρηθήσεται ὑμῖν καὶ,"what you hear. With the measure you use, it will be measured to you, and",0.2,65,"This segment speaks of reciprocity, suggesting that actions have consequences. It has a slightly positive sentiment due to the implication of fairness."
8,"προστεθήσεται ὑμῖν.  ὃς γὰρ ἔχει, δοθήσεται αὐτῷ· καὶ ὃς","still more will be added to you. For whoever has, more will be given to him, and whoever",0.4,75,"This segment describes abundance and reward for those who possess, which carries a positive sentiment of prosperity and growth."
9,"οὐκ ἔχει, καὶ ὃ ἔχει ἀρθήσεται ἀπʼ αὐτοῦ.  Καὶ","does not have, even what he has will be taken away from him.""",-0.5,80,"This segment describes loss and deprivation for those who lack, which carries a negative sentiment of hardship and injustice."
10,ἔλεγεν Οὕτως ἐστὶν ἡ βασιλεία τοῦ θεοῦ ὡς ἄνθρωπος,"He went on to say, ""This is what the kingdom of God is like. A man",0.2,65,"This segment introduces a comparison to the kingdom of God, which generally carries a positive connotation of hope and divine favor."
1,βάλῃ τὸν σπόρον ἐπὶ τῆς γῆς  καὶ καθεύδῃ καὶ ἐγείρηται,"He casts the seed on the earth, and sleeps and rises",0.6,80,"This segment describes the simple act of sowing seeds and the natural cycle of rest and awakening, suggesting a positive and hopeful outlook related to growth and potential."
2,"νύκτα καὶ ἡμέραν, καὶ ὁ σπόρος βλαστᾷ καὶ μηκύνηται ὡς","night and day, and the seed sprouts and grows longer as",0.7,85,"This segment focuses on the growth of the seed, emphasizing the continuous and natural process of development. The imagery evokes a sense of progress and positive transformation."
3,"οὐκ οἶδεν αὐτός.  αὐτομάτη ἡ γῆ καρποφορεῖ, πρῶτον","he does not know. The earth produces fruit by itself, first",0.8,90,"This segment highlights the inherent ability of the earth to produce fruit without human intervention, suggesting a sense of wonder and appreciation for the natural world and its autonomous processes."
4,"χόρτον, εἶτεν στάχυν, εἶτεν πλήρη σῖτον ἐν τῷ στάχυϊ.  ὅταν δε παραδοῖ ὁ καρπός, εὐθὺς ἀποστέλλει τὸ δρέπανον, ὅτι παρέστηκεν ὁ θερισμός.  Καὶ","grass, then head, then full grain in the head. But when the grain permits, immediately he sends the sickle, because the harvest has come. And",0.7,85,"This segment describes the progression of growth from grass to full grain, culminating in the harvest. It conveys a sense of fulfillment and the reward of labor, with a positive outlook on the cycle of life."
5,"ἔλεγεν Πῶς ὁμοιώσωμεν τὴν βασιλείαν τοῦ θεοῦ, ἢ ἐν","He said, ""How shall we liken the kingdom of God? Or with",0.6,80,"This segment introduces a question about how to compare the kingdom of God, suggesting a sense of reverence and a desire to understand divine concepts. The tone is inquisitive and hopeful."
6,"τίνι αὐτὴν παραβολῇ θῶμεν;  ὡς κόκκῳ σινάπεως,","what parable shall we set it forth? Like a grain of mustard seed,",0.7,85,"This segment continues the question of comparison, introducing the image of a mustard seed. The mustard seed is often used as a symbol of growth and potential, suggesting a positive and hopeful message."
7,"ὃς ὅταν σπαρῇ ἐπὶ τῆς γῆς, μικρότερον ὂν πάντων τῶν σπερμάτων","which, when it is sown on the earth, though it is less than all the seeds",0.6,80,"This segment describes the smallness of the mustard seed, emphasizing its humble beginnings. However, it sets the stage for its subsequent growth, suggesting a positive message of potential and transformation."
8,"τῶν ἐπὶ τῆς γῆς —  καὶ ὅταν σπαρῇ,","that are on the earth—and when it is sown,",0.5,75,"This segment continues to describe the mustard seed and its sowing, reinforcing the idea of potential and growth. The tone is neutral but anticipatory."
9,ἀναβαίνει καὶ γίνεται,it grows up and becomes,0.7,85,"This segment highlights the growth of the mustard seed, emphasizing its upward trajectory and transformation. The imagery evokes a sense of progress and positive development."
10,"μεῖζον πάντων τῶν λαχάνων καὶ ποιεῖ κλάδους μεγάλους,","greater than all the herbs and puts out large branches,",0.8,90,"This segment describes the final stage of growth, where the mustard seed becomes a large plant with branches. It conveys a sense of fulfillment and abundance, with a positive outlook on the transformative power of nature."
1,ὥστε δύνασθαι ὑπὸ τὴν σκιὰν αὐτοῦ τὰ πετεινὰ τοῦ οὐρανοῦ κατασκηνοῖν.  Καὶ τοιαύταις παραβολαῖς,so that the birds of the sky could nest under its shade. And with such parables,0.6,70,"The segment describes a large entity providing shelter, suggesting a positive and protective image. The mention of parables also hints at wisdom and guidance."
2,"πολλαῖς ἐλάλει αὐτοῖς τὸν λόγον, καθὼς ἠδύναντο","He spoke the word to them with many parables, as they were able",0.3,65,"The segment describes someone speaking to others in a way they can understand, suggesting a positive intention to communicate effectively. The use of parables implies teaching and guidance."
3,"ἀκούειν·  χωρὶς δὲ παραβολῆς οὐκ ἐλάλει αὐτοῖς,","to hear; and without a parable He did not speak to them,",0.1,55,"The segment describes a method of communication, specifically the use of parables. While not strongly positive or negative, it suggests a deliberate and thoughtful approach to teaching."
4,κατʼ ἰδίαν  δὲ τοῖς ἰδίοις μαθηταῖς ἐπέλυεν πάντα.  Καὶ λέγει αὐτοῖς ἐν ἐκείνῃ τῇ ἡμέρᾳ ὀψίας γενομένης,"but privately He explained everything to His own disciples. And He said to them on that day, when evening had come,",0.4,70,"The segment describes private instruction and explanation to disciples, suggesting a positive relationship and the imparting of knowledge. The phrase ""explained everything"" implies clarity and understanding."
5,Διέλθωμεν εἰς τὸ πέραν.  καὶ ἀφέντες τὸν ὄχλον παραλαμβάνουσιν,"Let us go over to the other side. And leaving the crowd, they took",0.1,50,"The segment describes a transition and departure. It is relatively neutral in sentiment, simply stating a movement from one place to another."
6,"αὐτὸν ὡς ἦν ἐν τῷ πλοίῳ, καὶ ἄλλα πλοῖα ἦν","Him along, as He was, in the boat, and other boats were",0.0,50,This segment is descriptive and neutral. It simply states the presence of people in boats.
7,"μετʼ αὐτοῦ.  καὶ γίνεται λαῖλαψ μεγάλη ἀνέμου, καὶ τὰ","with Him. And a great windstorm arose, and the",-0.7,80,"The segment describes a ""great windstorm,"" which is a negative event causing disruption and potential danger."
8,"κύματα ἐπέβαλλεν εἰς τὸ πλοῖον, ὥστε ἤδη γεμίζεσθαι τὸ","waves were breaking into the boat, so that the boat was already filling up.",-0.8,85,"The segment describes a boat filling with water due to waves, indicating a dangerous and negative situation."
9,πλοῖον.  καὶ αὐτὸς ἦν ἐν τῇ πρύμνῃ ἐπὶ τὸ προσκεφάλαιον,"boat. And He was in the stern, asleep on the cushion.",-0.2,60,"The segment describes someone asleep during a storm, which could be interpreted as either peaceful or concerning, depending on the context. The negative leaning comes from the implied danger of the storm mentioned in previous segments."
10,"καθεύδων· καὶ ἐγείρουσιν αὐτὸν καὶ λέγουσιν αὐτῷ Διδάσκαλε,","sleeping; and they woke Him and said to Him, ""Teacher,""",-0.3,65,"The segment describes someone being woken up, implying a disturbance and potential distress. The context of the storm adds to the negative sentiment."
1,οὐ μέλει σοι ὅτι ἀπολλύμεθα;  καὶ διεγερθεὶς ἐπετίμησεν,"Do you not care that we are perishing? And having been awakened, he rebuked",-0.4,80,"The segment expresses distress and fear of perishing, indicating a negative sentiment. The rebuke suggests a response to a negative situation."
2,"τῷ ἀνέμῳ καὶ εἶπεν τῇ θαλάσσῃ Σιώπα, πεφίμωσο.","the wind and said to the sea, ""Peace! Be still!""",0.2,75,"The segment describes an act of calming a storm, which can be interpreted as a positive action, restoring order. The command ""Peace! Be still!"" suggests authority and control."
3,"καὶ ἐκόπασεν ὁ ἄνεμος, καὶ ἐγένετο γαλήνη μεγάλη.  καὶ","And the wind ceased, and there was a great calm. And",0.6,90,"The segment describes the cessation of a storm and the arrival of great calm, indicating a positive resolution and peaceful outcome."
4,εἶπεν αὐτοῖς Τί δειλοί ἐστε; οὔπω ἔχετε πίστιν;  καὶ ἐφοβήθησαν,"He said to them, ""Why are you so afraid? Have you still no faith?"" And they were terrified",-0.5,85,"The segment expresses a rebuke for fear and lack of faith, followed by a description of terror. The combination of rebuke and terror indicates a negative sentiment."
5,"φόβον μέγαν, καὶ ἔλεγον πρὸς ἀλλήλους Τίς","great fear, and they said to one another, ""Who",-0.7,95,"The segment explicitly mentions ""great fear,"" indicating a strong negative sentiment."
6,ἄρα οὗτός ἐστιν ὅτι καὶ ὁ ἄνεμος καὶ ἡ θάλασσα ὑπακούει αὐτῷ;  Καὶ ἦλθον εἰς τὸ πέραν τῆς θαλάσσης,"then is this, that even the wind and the sea obey him? And they came to the other side of the sea",0.3,70,"The segment expresses awe and wonder at the power displayed, suggesting a positive sentiment mixed with uncertainty. The arrival at the other side of the sea implies a journey's end."
7,εἰς τὴν χώραν τῶν Γερασηνῶν.  καὶ ἐξελθόντος αὐτοῦ ἐκ,to the country of the Gerasenes. And when he had come out of,0.0,50,"This segment is a statement of location and a transition, lacking strong emotional indicators. Therefore, the sentiment is neutral."
8,τοῦ πλοίου [εὐθὺς] ὑπήντησεν αὐτῷ ἐκ τῶν μνημείων,"the boat, immediately there met him out of the tombs",-0.2,65,"The segment describes meeting someone from the tombs, which can evoke a sense of unease or negativity due to the association with death and the unknown."
9,"ἄνθρωπος ἐν πνεύματι ἀκαθάρτῳ,  ὃς τὴν κατοίκησιν εἶχεν","a man with an unclean spirit, who had his dwelling",-0.6,80,"The segment describes a man with an ""unclean spirit,"" which is a negative descriptor. This suggests a negative sentiment associated with the man's condition."
10,"ἐν τοῖς μνήμασιν, καὶ οὐδὲ ἁλύσει οὐκέτι οὐδεὶς ἐδύνατο","among the tombs, and no one could bind him anymore, not even with a chain,",-0.4,75,"The segment describes someone living among tombs and being uncontrollable, even by chains. This evokes a sense of danger, isolation, and negativity."
1,αὐτὸν δῆσαι  διὰ τὸ αὐτὸν πολλάκις πέδαις καὶ ἁλύσεσι,"to bind him, because he had often been bound with shackles and chains,",-0.3,70,"The segment describes the act of binding someone, suggesting a negative situation or struggle."
2,δεδέσθαι καὶ διεσπάσθαι ὑπʼ αὐτοῦ τὰς ἁλύσεις καὶ τὰς,"and the chains had been torn apart by him, and the",-0.5,80,"This segment describes the violent act of tearing apart chains, indicating distress and a struggle against restraint."
3,"πέδας συντετρίφθαι, καὶ οὐδεὶς ἴσχυεν αὐτὸν δαμάσαι·  καὶ",shackles broken in pieces; and no one was able to subdue him.,-0.6,85,"The segment describes broken shackles and the inability to subdue someone, suggesting a negative and chaotic situation."
4,διὰ παντὸς νυκτὸς καὶ ἡμέρας ἐν τοῖς μνήμασιν καὶ ἐν τοῖς,"And continually, night and day, he was in the tombs and in the",-0.4,75,"The segment describes someone dwelling in tombs, which is generally associated with negativity, death, and isolation."
5,ὄρεσιν ἦν κράζων καὶ κατακόπτων ἑαυτὸν λίθοις.  καὶ ἰδὼν,"mountains, crying out and cutting himself with stones. And seeing",-0.8,90,"This segment describes self-harm and distress, indicating a very negative emotional state."
6,"τὸν Ἰησοῦν ἀπὸ μακρόθεν ἔδραμεν καὶ προσεκύνησεν αὐτόν,  καὶ κράξας φωνῇ μεγάλῃ λέγει Τί ἐμοὶ καὶ σοί, Ἰησοῦ υἱὲ","Jesus from afar, he ran and worshiped Him. And crying out with a loud voice, he said, ""What have I to do with You, Jesus, Son",0.2,65,"The segment describes worship, which can be seen as positive, but also includes a question that suggests conflict or apprehension."
7,"τοῦ θεοῦ τοῦ ὑψίστου; ὁρκίζω σε τὸν θεόν, μή με βασανίσῃς.  ἔλεγεν γὰρ αὐτῷ Ἔξελθε τὸ πνεῦμα τὸ ἀκάθαρτον","of the Most High God? I implore You by God that You do not torment me."" For He said to him, ""Come out, unclean spirit,",-0.6,80,"The segment expresses fear of torment and the presence of an unclean spirit, indicating a negative and distressing situation."
8,ἐκ τοῦ ἀνθρώπου.  καὶ ἐπηρώτα αὐτόν Τί ὄνομά σοι; καὶ,"out of the man!"" And He asked him, ""What is your name?"" And",0.0,50,"This segment is neutral, as it is simply a question about someone's name."
9,"λέγει αὐτῷ Λεγιὼν ὄνομά μοι,","he answered, saying, ""My name is Legion;",-0.3,60,"The name ""Legion"" can be associated with a large, potentially threatening force, giving it a slightly negative connotation."
10,ὅτι πολλοί ἐσμεν·  καὶ,"for we are many.""",-0.4,65,"The statement ""we are many"" from the entity named Legion reinforces the idea of a potentially overwhelming and negative force."
1,παρεκάλει αὐτὸν πολλὰ ἵνα μὴ αὐτὰ ἀποστείλῃ ἔξω τῆς,And begged Him earnestly that He would not send them away out of the,-0.2,70,"This segment describes a plea or request to avoid something, suggesting a negative sentiment due to the desire to prevent an action."
2,"χώρας.  Ἦν δὲ ἐκεῖ πρὸς τῷ ὄρει ἀγέλη χοίρων μεγάλη βοσκομένη·  καὶ παρεκάλεσαν αὐτὸν λέγοντες Πέμψον  ἡμᾶς εἰς τοὺς χοίρους, ἵνα εἰς αὐτοὺς εἰσέλθωμεν.  καὶ ἐπέτρεψεν","country. Now a large herd of swine was feeding there near the mountains. So they begged Him, saying, ""Send us to the swine, that we may enter them."" And He gave them permission.",-0.3,75,"This segment involves a request from unclean spirits to enter swine, which leads to a destructive event in later segments. The initial request and the presence of unclean spirits suggest a negative sentiment."
3,αὐτοῖς. καὶ ἐξελθόντα τὰ πνεύματα τὰ ἀκάθαρτα,them. And when the unclean spirits had gone out,-0.6,80,"The mention of ""unclean spirits"" directly indicates a negative sentiment. The departure of these spirits might suggest a slight positive shift, but the overall tone remains negative."
4,"εἰσῆλθον εἰς τοὺς χοίρους, καὶ ὥρμησεν ἡ ἀγέλη κατὰ τοῦ",they went into the swine. Then the herd ran violently down the,-0.7,85,The entry of the unclean spirits into the swine and the subsequent violent action of the herd indicate a strong negative sentiment due to the destructive consequences.
5,"κρημνοῦ εἰς τὴν θάλασσαν, ὡς δισχίλιοι, καὶ ἐπνίγοντο ἐν",steep place into the sea (there were about two thousand); and they drowned in,-0.9,90,"The drowning of a large number of swine is a clearly negative event, indicating loss and destruction. The high number emphasizes the severity of the event."
6,τῇ θαλάσσῃ.  Καὶ οἱ βόσκοντες αὐτοὺς ἔφυγον καὶ ἀπήγγειλαν,the sea. So those who fed the swine fled and told it,-0.4,75,The flight of the swineherds suggests fear and a negative reaction to the preceding events. The act of reporting the incident implies a significant and likely negative occurrence.
7,εἰς τὴν πόλιν καὶ εἰς τοὺς ἀγρούς· καὶ ἦλθον ἰδεῖν,in the city and in the country. And they went out to see,0.0,60,"This segment is neutral. It describes people going to see what happened, without expressing any particular emotion or judgment."
8,"τί ἐστιν τὸ γεγονός.  καὶ ἔρχονται πρὸς τὸν Ἰησοῦν, καὶ","what it was that had happened. Then they came to Jesus, and",0.1,65,"The segment is slightly positive due to the people seeking Jesus, which implies a hope for resolution or help. However, the overall sentiment is still relatively neutral."
9,θεωροῦσιν τὸν δαιμονιζόμενον καθήμενον ἱματισμένον καὶ,"saw the one who had been demon-possessed and had the legion, sitting and clothed and",0.4,75,"This segment is moderately positive. The formerly demon-possessed man is now described as sitting and clothed, suggesting a restoration of order and well-being."
10,"σωφρονοῦντα, τὸν ἐσχηκότα τὸν λεγιῶνα, καὶ ἐφοβήθησαν.  καὶ διηγήσαντο αὐτοῖς οἱ ἰδόντες πῶς ἐγένετο τῷ δαιμονιζομένῳ",in his right mind. And they were afraid. And those who saw it told them how it happened to him who had been demon-possessed.,-0.3,70,"The segment contains mixed sentiments. The man being in his right mind is positive, but the people's fear introduces a negative element. The overall sentiment leans slightly negative due to the fear response."
1,καὶ περὶ τῶν χοίρων.  καὶ ἤρξαντο παρακαλεῖν,"And concerning the pigs, they began to plead",-0.2,60,"The segment describes a plea, which can imply a negative situation or request for help. The mention of pigs doesn't inherently carry strong sentiment."
2,αὐτὸν ἀπελθεῖν ἀπὸ τῶν ὁρίων αὐτῶν.  Καὶ ἐμβαίνοντος,him to depart from their region. And as he was getting into,-0.1,55,"Asking someone to depart can indicate discomfort or a negative interaction, but it's not strongly negative. The act of getting into something is neutral."
3,αὐτοῦ εἰς τὸ πλοῖον παρεκάλει αὐτὸν ὁ δαιμονισθεὶς ἵνα,"the boat, the demon-possessed man begged him that",-0.3,70,"The presence of a ""demon-possessed"" man and the act of begging suggest a negative or troubled situation."
4,"μετʼ αὐτοῦ ᾖ.  καὶ οὐκ ἀφῆκεν αὐτόν, ἀλλὰ λέγει αὐτῷ","he might be with him. And he did not allow him, but says to him",-0.1,65,"The man's desire to be with him suggests a need or dependence, and the refusal implies a slight negative tone."
5,"Ὕπαγε εἰς τὸν οἶκόν σου πρὸς τοὺς σούς, καὶ ἀπάγγειλον","Go to your home to your own people, and report",0.2,60,"Being told to go home and report something is generally neutral, but can be seen as slightly positive as it implies a purpose and connection."
6,αὐτοῖς ὅσα ὁ κύριός σοι πεποίηκεν καὶ ἠλέησέν σε.  καὶ,to them how much the Lord has done for you and has had mercy on you. And,0.7,85,"The phrases ""has done for you"" and ""has had mercy on you"" strongly indicate positive sentiment and divine favor."
7,ἀπῆλθεν καὶ ἤρξατο κηρύσσειν ἐν τῇ Δεκαπόλει ὅσα ἐποίησεν,he went away and began to proclaim in the Decapolis how much Jesus had done,0.4,75,"Proclaiming good deeds is generally positive, suggesting a message of hope or gratitude. The mention of Jesus adds a positive religious connotation."
8,"αὐτῷ ὁ Ἰησοῦς, καὶ πάντες ἐθαύμαζον.  Καὶ διαπεράσαντος τοῦ Ἰησοῦ ἐν τῷ πλοίῳ πάλιν εἰς","for him Jesus, and all were amazed. And when Jesus had crossed over again in the boat to",0.5,80,"People being amazed is generally positive, suggesting wonder and awe. The continued presence of Jesus reinforces a positive religious context."
9,"τὸ πέραν συνήχθη ὄχλος πολὺς ἐπʼ αὐτόν, καὶ ἦν παρὰ τὴν","the other side, a large crowd gathered to him, and he was by the",0.2,65,"A large crowd gathering suggests popularity or interest, which is mildly positive. Being by the sea is neutral."
10,"θάλασσαν.  Καὶ ἔρχεται εἷς τῶν ἀρχισυναγώγων, ὀνόματι","sea. And one of the rulers of the synagogue comes, named",0.1,50,"The arrival of a ruler of the synagogue is relatively neutral, though it could imply importance or authority. The mention of a name is neutral."
1,"Ἰάειρος,  καὶ ἰδὼν αὐτὸν πίπτει πρὸς τοὺς πόδας αὐτοῦ καὶ","And Jairus, when he saw him, fell at his feet and",0.0,60,"This segment is neutral, simply describing an action without expressing strong emotion."
2,παρακαλεῖ αὐτὸν πολλὰ λέγων ὅτι Τὸ θυγάτριόν μου,"begged him earnestly, saying, ""My little daughter",-0.2,70,"This segment expresses a plea, suggesting a sense of desperation or worry."
3,"ἐσχάτως ἔχει, ἵνα ἐλθὼν ἐπιθῇς τὰς χεῖρας αὐτῇ ἵνα σωθῇ","is at the point of death. Come and lay your hands on her, so that she may be made well",0.3,75,"This segment contains a plea for healing, indicating hope and a desire for a positive outcome."
4,καὶ ζήσῃ.  καὶ ἀπῆλθεν μετʼ αὐτοῦ. Καὶ ἠκολούθει αὐτῷ,"and live."" And he went away with him. And a large crowd followed him",0.1,65,"This segment is slightly positive due to the hope for life, but mostly descriptive."
5,"ὄχλος πολύς, καὶ συνέθλιβον αὐτόν.  καὶ γυνὴ οὖσα ἐν ῥύσει αἵματος δώδεκα ἔτη  καὶ πολλὰ παθοῦσα ὑπὸ πολλῶν","and thronged him. And there was a woman who had had a discharge of blood for twelve years, and who had suffered much under many",-0.5,80,"This segment describes suffering and a chronic illness, indicating a negative sentiment."
6,ἰατρῶν καὶ δαπανήσασα τὰ παρʼ αὐτῆς πάντα καὶ μηδὲν,"physicians, and had spent all that she had, and was no better",-0.6,85,"This segment highlights the woman's financial and physical struggles, conveying a strong negative sentiment."
7,"ὠφεληθεῖσα ἀλλὰ μᾶλλον εἰς τὸ χεῖρον ἐλθοῦσα,  ἀκούσασα",but rather grew worse. She had heard,-0.4,75,"The phrase ""grew worse"" clearly indicates a negative sentiment."
8,"τὰ περὶ τοῦ Ἰησοῦ, ἐλθοῦσα ἐν τῷ ὄχλῳ ὄπισθεν",the reports about Jesus and came up behind him in the crowd,0.1,60,"This segment is slightly positive due to the implied hope associated with Jesus, but is mostly descriptive."
9,ἥψατο τοῦ ἱματίου αὐτοῦ·  ἔλεγεν γὰρ ὅτι Ἐὰν ἅψωμαι,"and touched his garment, for she said, ""If I touch",0.2,70,"This segment expresses hope and belief in healing power, indicating a positive sentiment."
10,κἂν τῶν ἱματίων αὐτοῦ σωθήσομαι.  καὶ εὐθὺς ἐξηράνθη,"even his garments, I will be made well."" And immediately the flow of blood dried up.",0.7,85,This segment expresses a strong positive sentiment due to the healing and the belief in being made well.
1,"ἡ πηγὴ τοῦ αἵματος αὐτῆς, καὶ ἔγνω τῷ σώματι ὅτι ἴαται  ἀπὸ τῆς μάστιγος.  καὶ εὐθὺς ὁ Ἰησοῦς ἐπιγνοὺς ἐν ἑαυτῷ","the source of her blood, and she knew in her body that she was healed of the affliction. And immediately Jesus, perceiving in himself",0.8,90,"This segment describes healing and positive recognition, indicating a strong positive sentiment."
2,τὴν ἐξ αὐτοῦ δύναμιν ἐξελθοῦσαν ἐπιστραφεὶς ἐν τῷ ὄχλῳ,"the power that had gone out from him, turning around in the crowd",0.3,70,"This segment describes power emanating from Jesus, which carries a slightly positive sentiment due to the implication of divine ability."
3,ἔλεγεν Τίς μου ἥψατο τῶν ἱματίων;  καὶ ἔλεγον αὐτῷ οἱ,"said, ""Who touched my clothes?"" And his",-0.1,60,"This segment expresses a question and a sense of inquiry, which is neutral but slightly negative due to the potential for concern or intrusion."
4,"μαθηταὶ αὐτοῦ Βλέπεις τὸν ὄχλον συνθλίβοντά σε, καὶ","disciples said to him, ""You see the crowd pressing around you, and",-0.2,70,"This segment describes a crowd pressing around, which can be interpreted as slightly negative due to the potential for discomfort or danger."
5,λέγεις Τίς μου ἥψατο;  καὶ περιεβλέπετο ἰδεῖν τὴν τοῦτο,"you say, 'Who touched me?'"" And he looked around to see the one who had done this.",-0.1,65,"This segment expresses a continued inquiry and a search for someone, which carries a slightly negative sentiment due to the uncertainty and potential for confrontation."
6,"ποιήσασαν.  ἡ δὲ γυνὴ φοβηθεῖσα καὶ τρέμουσα, εἰδυῖα","The woman, fearing and trembling, knowing",-0.7,85,"This segment describes fear and trembling, indicating a strong negative sentiment."
7,"ὃ γέγονεν αὐτῇ, ἦλθεν καὶ προσέπεσεν αὐτῷ καὶ εἶπεν","what had happened to her, came and fell down before him and said",-0.3,75,"This segment describes someone falling down before another, which can be interpreted as a sign of desperation or humility, carrying a slightly negative sentiment."
8,"αὐτῷ πᾶσαν τὴν ἀλήθειαν.  ὁ δὲ εἶπεν αὐτῇ Θυγάτηρ,","to him the whole truth. And he said to her, ""Daughter,",0.2,65,"This segment describes someone telling the truth and being addressed as ""daughter"", which carries a slightly positive sentiment due to the implication of honesty and affection."
9,"ἡ πίστις σου σέσωκέν σε· ὕπαγε εἰς εἰρήνην, καὶ ἴσθι","your faith has made you well; go in peace, and be",0.9,95,"This segment expresses faith, healing, and peace, indicating a very strong positive sentiment."
10,ὑγιὴς ἀπὸ τῆς μάστιγός σου.  Ἔτι αὐτοῦ λαλοῦντος ἔρχονται,"healed of your disease."" While he was still speaking, there come",0.6,80,"This segment describes healing and the arrival of someone, which carries a positive sentiment due to the implication of recovery and potential good news."
1,ἀπὸ τοῦ ἀρχισυναγώγου λέγοντες ὅτι Ἡ θυγάτηρ,"Coming from the synagogue ruler, saying, ""Your daughter""",-0.2,60,"The segment introduces a situation involving the daughter of a synagogue ruler, setting a potentially negative tone due to the mention of a family member."
2,σου ἀπέθανεν· τί ἔτι σκύλλεις τὸν διδάσκαλον;  ὁ δὲ Ἰησοῦς,is dead. Why do you still trouble the teacher? But Jesus,-0.7,85,This segment expresses grief and loss with the statement that someone's daughter has died. The question implies a sense of futility and burden.
3,παρακούσας τὸν λόγον λαλούμενον λέγει τῷ ἀρχισυναγώγῳ,"overhearing the word being spoken, says to the synagogue ruler,",0.1,50,This segment is neutral in tone. It simply describes Jesus overhearing and then speaking to the synagogue ruler. There is no explicit positive or negative sentiment.
4,"Μὴ φοβοῦ, μόνον πίστευε.  καὶ οὐκ ἀφῆκεν οὐδένα μετʼ","""Do not fear, only believe."" And he did not allow anyone to follow with",0.6,75,"The phrase ""Do not fear, only believe"" expresses encouragement and hope, suggesting a positive sentiment. The rest of the sentence is neutral."
5,αὐτοῦ συνακολουθῆσαι εἰ μὴ τὸν Πέτρον καὶ Ἰάκωβον,him except Peter and James,0.0,40,This segment is neutral. It simply states who was allowed to follow Jesus. There is no inherent positive or negative sentiment.
6,καὶ Ἰωάνην τὸν ἀδελφὸν Ἰακώβου.  καὶ ἔρχονται εἰς τὸν,and John the brother of James. And they come to the,0.0,40,This segment is neutral. It continues to list the people and describes their arrival. There is no inherent positive or negative sentiment.
7,"οἶκον τοῦ ἀρχισυναγώγου, καὶ θεωρεῖ θόρυβον καὶ κλαίοντας","house of the synagogue ruler, and sees a commotion and people weeping",-0.6,80,"The segment describes a scene of ""commotion"" and ""weeping,"" indicating sadness and distress, thus a negative sentiment."
8,"καὶ ἀλαλάζοντας πολλά,  καὶ εἰσελθὼν λέγει αὐτοῖς","and wailing loudly. And entering, he says to them,",-0.5,75,"The segment describes ""wailing loudly,"" which indicates grief and sorrow, thus a negative sentiment. The rest of the sentence is neutral."
9,Τί θορυβεῖσθε καὶ κλαίετε; τὸ παιδίον οὐκ ἀπέθανεν ἀλλὰ,"""Why are you making a commotion and weeping? The child is not dead but",0.3,65,"The question ""Why are you making a commotion and weeping?"" challenges the negative atmosphere. The statement ""The child is not dead"" offers a glimmer of hope, shifting the sentiment slightly positive."
10,καθεύδει.  καὶ κατεγέλων αὐτοῦ. αὐτὸς δὲ ἐκβαλὼν πάντας,"sleeping."" And they were laughing at him. But he, having put everyone out,",-0.4,70,"The phrase ""they were laughing at him"" indicates mockery and disbelief, contributing to a negative sentiment. The action of putting everyone out is neutral but follows the negative reaction."
1,παραλαμβάνει τὸν πατέρα τοῦ παιδίου καὶ τὴν μητέρα,He takes the father of the child and the mother,0.6,70,"This segment describes a caring action, suggesting a positive sentiment."
2,"καὶ τοὺς μετʼ αὐτοῦ, καὶ εἰσπορεύεται ὅπου ἦν τὸ παιδίον·  καὶ κρατήσας τῆς χειρὸς τοῦ παιδίου λέγει αὐτῇ Ταλειθά","and those with him, and enters where the child was. And taking hold of the child's hand, he says to her, ""Talitha""",0.7,75,"This segment describes a healing action, suggesting a positive sentiment."
3,"κούμ, ὅ ἐστιν μεθερμηνευόμενον Τὸ κοράσιον, σοὶ λέγω,","""Koum,"" which is translated, ""Little girl, I say to you,""",0.7,75,"This segment contains a direct address with an implied positive action, suggesting a positive sentiment."
4,"ἔγειρε.  καὶ εὐθὺς ἀνέστη τὸ κοράσιον καὶ περιεπάτει, ἦν","""Arise."" And immediately the girl arose and walked; she was",0.9,90,"This segment describes a miraculous healing, suggesting a very positive sentiment."
5,"γὰρ ἐτῶν δώδεκα. καὶ ἐξέστησαν εὐθὺς ἐκστάσει μεγάλῃ.  καὶ διεστείλατο αὐτοῖς πολλὰ ἵνα μηδεὶς γνοῖ τοῦτο, καὶ","for twelve years old. And they were immediately overcome with great amazement. And he strictly charged them that no one should know it, and",0.6,70,"This segment describes amazement at a miracle, suggesting a positive sentiment, although mixed with secrecy."
6,"εἶπεν δοθῆναι αὐτῇ φαγεῖν.  Καὶ ἐξῆλθεν ἐκεῖθεν, καὶ ἔρχεται εἰς τὴν πατρίδα αὐτοῦ,","said to give her something to eat. And he went out from there and came to his hometown,",0.5,60,"This segment describes a caring action and a return home, suggesting a mildly positive sentiment."
7,καὶ ἀκολουθοῦσιν αὐτῷ οἱ μαθηταὶ αὐτοῦ.  Καὶ γενομένου,and his disciples followed him. And when,0.5,50,"This segment describes disciples following, suggesting a neutral to slightly positive sentiment due to the association with teaching."
8,σαββάτου ἤρξατο διδάσκειν ἐν τῇ συναγωγῇ· καὶ οἱ πολλοὶ,"the Sabbath had come, he began to teach in the synagogue. And many",0.6,65,"This segment describes teaching, which is generally viewed as a positive activity."
9,"ἀκούοντες ἐξεπλήσσοντο λέγοντες Πόθεν τούτῳ ταῦτα,","hearing him were astonished, saying, ""Where did this man get these things?""",0.3,60,"This segment describes astonishment, which can be positive or negative depending on the context. Here, it seems more inquisitive than overtly positive or negative."
10,"καὶ τίς ἡ σοφία ἡ δοθεῖσα τούτῳ, καὶ αἱ δυνάμεις τοιαῦται  διὰ τῶν χειρῶν αὐτοῦ γινόμεναι;  οὐχ οὗτός ἐστιν ὁ τέκτων,","""What is the wisdom given to him? And what mighty works are done by his hands! Is not this the carpenter,""",0.4,65,"This segment expresses wonder and recognition of power, suggesting a slightly positive sentiment, although mixed with questioning."
1,ὁ υἱὸς τῆς Μαρίας καὶ ἀδελφὸς Ἰακώβου καὶ Ἰωσῆτος καὶ,The son of Mary and brother of James and Joses and,0.0,60,"This segment is a statement of fact, identifying individuals. It doesn't express any particular sentiment."
2,Ἰούδα καὶ Σίμωνος; καὶ οὐκ εἰσὶν αἱ ἀδελφαὶ αὐτοῦ ὧδε,Judas and Simon? And are not his sisters here,0.0,60,This segment is a question and a statement of fact. It doesn't express any strong sentiment.
3,πρὸς ἡμᾶς; καὶ ἐσκανδαλίζοντο ἐν αὐτῷ.  καὶ ἔλεγεν,with us? And they were offended at him. And he said,-0.4,70,"The phrase ""they were offended at him"" indicates a negative sentiment."
4,αὐτοῖς ὁ Ἰησοῦς ὅτι Οὐκ ἔστιν προφήτης ἄτιμος εἰ μὴ ἐν,"to them Jesus, that ""A prophet is not without honor except in",-0.2,65,"The phrase ""not without honor except"" suggests a negative undertone related to lack of recognition."
5,τῇ πατρίδι αὐτοῦ καὶ ἐν τοῖς συγγενεῦσιν αὐτοῦ καὶ ἐν τῇ,his hometown and among his relatives and in his,-0.1,60,"This segment continues the thought from the previous segment, implying a lack of honor in familiar places, which carries a slightly negative sentiment."
6,οἰκίᾳ αὐτοῦ.  Καὶ οὐκ ἐδύνατο ἐκεῖ ποιῆσαι οὐδεμίαν,"house."" And he could not do any",-0.3,70,"The phrase ""he could not do any"" indicates a limitation or inability, which carries a negative sentiment."
7,"δύναμιν, εἰ μὴ ὀλίγοις ἀρρώστοις ἐπιθεὶς τὰς χεῖρας ἐθεράπευσεν·  καὶ ἐθαύμασεν διὰ τὴν ἀπιστίαν αὐτῶν.  Καὶ περιῆγεν τὰς κώμας κύκλῳ διδάσκων.  Καὶ προσκαλεῖται","miracle there, except that he laid his hands on a few sick people and healed them. And he marveled because of their unbelief. And he went around the villages teaching. And he called",-0.4,75,"The phrase ""he marveled because of their unbelief"" expresses disappointment and disbelief, indicating a negative sentiment."
8,"τοὺς δώδεκα, καὶ ἤρξατο αὐτοὺς ἀποστέλλειν δύο",the twelve and began to send them out two,0.2,60,"Sending out the twelve can be seen as a positive action, indicating purpose and mission."
9,"δύο, καὶ ἐδίδου αὐτοῖς ἐξουσίαν τῶν πνευμάτων τῶν ἀκαθάρτων,  καὶ παρήγγειλεν αὐτοῖς ἵνα μηδὲν αἴρωσιν εἰς ὁδὸν εἰ","by two, and gave them authority over the unclean spirits, and charged them to take nothing for their journey except",0.3,70,"Giving authority over unclean spirits is a positive action, suggesting empowerment and overcoming evil."
10,"μὴ ῥάβδον μόνον, μὴ ἄρτον, μὴ πήραν, μὴ εἰς τὴν ζώνην","a staff only, no bread, no bag, no money in their belts,",-0.1,60,"The instructions to take nothing suggests a sense of austerity or hardship, carrying a slightly negative sentiment."
1,"χαλκόν,  ἀλλὰ ὑποδεδεμένους σανδάλια, καὶ μὴ ἐνδύσασθαι",But to wear sandals; and not put on,0.0,60,This segment is a neutral instruction regarding attire.
2,δύο χιτῶνας.  καὶ ἔλεγεν αὐτοῖς Ὅπου ἐὰν εἰσέλθητε,"two tunics. And he said to them, ""Wherever you enter",0.0,60,This segment is a neutral statement of instruction.
3,"εἰς οἰκίαν, ἐκεῖ μένετε ἕως ἂν ἐξέλθητε ἐκεῖθεν.  καὶ ὃς","into a house, stay there until you depart from there."" And whoever,",0.0,60,This segment is a neutral instruction about staying in a house.
4,"ἂν τόπος μὴ δέξηται ὑμᾶς μηδὲ ἀκούσωσιν ὑμῶν, ἐκπορευόμενοι","any place does not receive you or hear you, when you depart",-0.2,70,"This segment describes rejection, which carries a slightly negative sentiment."
5,ἐκεῖθεν ἐκτινάξατε τὸν χοῦν τὸν ὑποκάτω τῶν ποδῶν,"from there, shake off the dust under your feet",-0.1,65,"This segment describes an action of dismissal or rejection, carrying a slightly negative sentiment."
6,ὑμῶν εἰς μαρτύριον αὐτοῖς.  Καὶ ἐξελθόντες ἐκήρυξαν ἵνα,"your feet as a testimony against them."" And they went out and proclaimed that",0.1,60,"This segment describes a proclamation, which can be seen as slightly positive or neutral depending on the context."
7,"μετανοῶσιν,  καὶ δαιμόνια πολλὰ ἐξέβαλλον, καὶ ἤλειφον","they should repent. And they cast out many demons, and anointed",0.3,75,"This segment describes repentance and casting out demons, which are generally positive actions."
8,"ἐλαίῳ πολλοὺς ἀρρώστους καὶ ἐθεράπευον.  Καὶ ἤκουσεν ὁ βασιλεὺς Ἡρῴδης, φανερὸν γὰρ ἐγένετο","with oil many who were sick and healed them. And King Herod heard of it, for his name had become well known.",0.4,75,"This segment describes healing, which is a positive action. The mention of King Herod is neutral."
9,"τὸ ὄνομα αὐτοῦ, καὶ ἔλεγον ὅτι Ἰὼάνης ὁ βαπτίζων ἐγήγερται","and they were saying, ""John the Baptist has been raised",0.1,60,"This segment is a statement about John the Baptist being raised, which is a significant event but neutral in sentiment without further context."
10,"ἐκ νεκρῶν, καὶ διὰ τοῦτο ἐνεργοῦσιν αἱ δυνάμεις ἐν αὐτῷ·  ἄλλοι δὲ ἔλεγον ὅτι Ἠλείας ἐστίν· ἄλλοι δὲ ἔλεγον","from the dead; that is why these miraculous powers are at work in him."" But others said, ""He is Elijah."" And others said,",0.1,65,"This segment describes miraculous powers and speculation about identity, which is generally neutral but slightly positive due to the mention of powers."
